  0
SECTION
  2
HEADER
  9
$ACADVER
  1
AC1027
  9
$ACADMAINTVER
 70
   105
  9
$DWGCODEPAGE
  3
ANSI_1252
  9
$LASTSAVEDBY
  1
man0n0
  9
$REQUIREDVERSIONS
160
                 0
  9
$INSBASE
 10
0.0
 20
0.0
 30
0.0
  9
$EXTMIN
 10
93.863
 20
-219.6163539715774
 30
0.0
  9
$EXTMAX
 10
199.9022047261981
 20
-54.8746
 30
0.0
  9
$LIMMIN
 10
0.0
 20
0.0
  9
$LIMMAX
 10
12.0
 20
9.0
  9
$ORTHOMODE
 70
     0
  9
$REGENMODE
 70
     1
  9
$FILLMODE
 70
     1
  9
$QTEXTMODE
 70
     0
  9
$MIRRTEXT
 70
     1
  9
$LTSCALE
 40
1.0
  9
$ATTMODE
 70
     1
  9
$TEXTSIZE
 40
2.5
  9
$TRACEWID
 40
0.05
  9
$TEXTSTYLE
  7
Standard
  9
$CLAYER
  8
0
  9
$CELTYPE
  6
ByLayer
  9
$CECOLOR
 62
   256
  9
$CELTSCALE
 40
1.0
  9
$DISPSILH
 70
     0
  9
$DIMSCALE
 40
1.0
  9
$DIMASZ
 40
0.18
  9
$DIMEXO
 40
0.0625
  9
$DIMDLI
 40
0.38
  9
$DIMRND
 40
0.0
  9
$DIMDLE
 40
0.0
  9
$DIMEXE
 40
0.18
  9
$DIMTP
 40
0.0
  9
$DIMTM
 40
0.0
  9
$DIMTXT
 40
0.18
  9
$DIMCEN
 40
0.09
  9
$DIMTSZ
 40
0.0
  9
$DIMTOL
 70
     0
  9
$DIMLIM
 70
     0
  9
$DIMTIH
 70
     1
  9
$DIMTOH
 70
     1
  9
$DIMSE1
 70
     0
  9
$DIMSE2
 70
     0
  9
$DIMTAD
 70
     0
  9
$DIMZIN
 70
     0
  9
$DIMBLK
  1

  9
$DIMASO
 70
     1
  9
$DIMSHO
 70
     1
  9
$DIMPOST
  1

  9
$DIMAPOST
  1

  9
$DIMALT
 70
     0
  9
$DIMALTD
 70
     2
  9
$DIMALTF
 40
25.4
  9
$DIMLFAC
 40
1.0
  9
$DIMTOFL
 70
     0
  9
$DIMTVP
 40
0.0
  9
$DIMTIX
 70
     0
  9
$DIMSOXD
 70
     0
  9
$DIMSAH
 70
     0
  9
$DIMBLK1
  1

  9
$DIMBLK2
  1

  9
$DIMSTYLE
  2
Standard
  9
$DIMCLRD
 70
     0
  9
$DIMCLRE
 70
     0
  9
$DIMCLRT
 70
     0
  9
$DIMTFAC
 40
1.0
  9
$DIMGAP
 40
0.09
  9
$DIMJUST
 70
     0
  9
$DIMSD1
 70
     0
  9
$DIMSD2
 70
     0
  9
$DIMTOLJ
 70
     1
  9
$DIMTZIN
 70
     0
  9
$DIMALTZ
 70
     0
  9
$DIMALTTZ
 70
     0
  9
$DIMUPT
 70
     0
  9
$DIMDEC
 70
     4
  9
$DIMTDEC
 70
     4
  9
$DIMALTU
 70
     2
  9
$DIMALTTD
 70
     2
  9
$DIMTXSTY
  7
Standard
  9
$DIMAUNIT
 70
     0
  9
$DIMADEC
 70
     0
  9
$DIMALTRND
 40
0.0
  9
$DIMAZIN
 70
     0
  9
$DIMDSEP
 70
    46
  9
$DIMATFIT
 70
     3
  9
$DIMFRAC
 70
     0
  9
$DIMLDRBLK
  1

  9
$DIMLUNIT
 70
     2
  9
$DIMLWD
 70
    -2
  9
$DIMLWE
 70
    -2
  9
$DIMTMOVE
 70
     0
  9
$DIMFXL
 40
1.0
  9
$DIMFXLON
 70
     0
  9
$DIMJOGANG
 40
0.7853981633974483
  9
$DIMTFILL
 70
     0
  9
$DIMTFILLCLR
 70
     0
  9
$DIMARCSYM
 70
     0
  9
$DIMLTYPE
  6

  9
$DIMLTEX1
  6

  9
$DIMLTEX2
  6

  9
$DIMTXTDIRECTION
 70
     0
  9
$LUNITS
 70
     2
  9
$LUPREC
 70
     4
  9
$SKETCHINC
 40
0.1
  9
$FILLETRAD
 40
0.5
  9
$AUNITS
 70
     0
  9
$AUPREC
 70
     0
  9
$MENU
  1
.
  9
$ELEVATION
 40
0.0
  9
$PELEVATION
 40
0.0
  9
$THICKNESS
 40
0.0
  9
$LIMCHECK
 70
     0
  9
$CHAMFERA
 40
0.0
  9
$CHAMFERB
 40
0.0
  9
$CHAMFERC
 40
0.0
  9
$CHAMFERD
 40
0.0
  9
$SKPOLY
 70
     0
  9
$TDCREATE
 40
2460836.897008114
  9
$TDUCREATE
 40
2460836.855341447
  9
$TDUPDATE
 40
2460836.897008241
  9
$TDUUPDATE
 40
2460836.855341574
  9
$TDINDWG
 40
0.0000000116
  9
$TDUSRTIMER
 40
0.0000000116
  9
$USRTIMER
 70
     1
  9
$ANGBASE
 50
0.0
  9
$ANGDIR
 70
     0
  9
$PDMODE
 70
     0
  9
$PDSIZE
 40
0.0
  9
$PLINEWID
 40
0.0
  9
$SPLFRAME
 70
     0
  9
$SPLINETYPE
 70
     6
  9
$SPLINESEGS
 70
     8
  9
$HANDSEED
  5
1080C
  9
$SURFTAB1
 70
     6
  9
$SURFTAB2
 70
     6
  9
$SURFTYPE
 70
     6
  9
$SURFU
 70
     6
  9
$SURFV
 70
     6
  9
$UCSBASE
  2

  9
$UCSNAME
  2

  9
$UCSORG
 10
0.0
 20
0.0
 30
0.0
  9
$UCSXDIR
 10
1.0
 20
0.0
 30
0.0
  9
$UCSYDIR
 10
0.0
 20
1.0
 30
0.0
  9
$UCSORTHOREF
  2

  9
$UCSORTHOVIEW
 70
     0
  9
$UCSORGTOP
 10
0.0
 20
0.0
 30
0.0
  9
$UCSORGBOTTOM
 10
0.0
 20
0.0
 30
0.0
  9
$UCSORGLEFT
 10
0.0
 20
0.0
 30
0.0
  9
$UCSORGRIGHT
 10
0.0
 20
0.0
 30
0.0
  9
$UCSORGFRONT
 10
0.0
 20
0.0
 30
0.0
  9
$UCSORGBACK
 10
0.0
 20
0.0
 30
0.0
  9
$PUCSBASE
  2

  9
$PUCSNAME
  2

  9
$PUCSORG
 10
0.0
 20
0.0
 30
0.0
  9
$PUCSXDIR
 10
1.0
 20
0.0
 30
0.0
  9
$PUCSYDIR
 10
0.0
 20
1.0
 30
0.0
  9
$PUCSORTHOREF
  2

  9
$PUCSORTHOVIEW
 70
     0
  9
$PUCSORGTOP
 10
0.0
 20
0.0
 30
0.0
  9
$PUCSORGBOTTOM
 10
0.0
 20
0.0
 30
0.0
  9
$PUCSORGLEFT
 10
0.0
 20
0.0
 30
0.0
  9
$PUCSORGRIGHT
 10
0.0
 20
0.0
 30
0.0
  9
$PUCSORGFRONT
 10
0.0
 20
0.0
 30
0.0
  9
$PUCSORGBACK
 10
0.0
 20
0.0
 30
0.0
  9
$USERI1
 70
     0
  9
$USERI2
 70
     0
  9
$USERI3
 70
     0
  9
$USERI4
 70
     0
  9
$USERI5
 70
     0
  9
$USERR1
 40
0.0
  9
$USERR2
 40
0.0
  9
$USERR3
 40
0.0
  9
$USERR4
 40
0.0
  9
$USERR5
 40
0.0
  9
$WORLDVIEW
 70
     1
  9
$SHADEDGE
 70
     3
  9
$SHADEDIF
 70
    70
  9
$TILEMODE
 70
     1
  9
$MAXACTVP
 70
    64
  9
$PINSBASE
 10
0.0
 20
0.0
 30
0.0
  9
$PLIMCHECK
 70
     0
  9
$PEXTMIN
 10
0.0
 20
0.0
 30
0.0
  9
$PEXTMAX
 10
50.0
 20
50.0
 30
50.0
  9
$PLIMMIN
 10
-0.25
 20
-0.25
  9
$PLIMMAX
 10
10.75
 20
8.25
  9
$UNITMODE
 70
     0
  9
$VISRETAIN
 70
     1
  9
$PLINEGEN
 70
     0
  9
$PSLTSCALE
 70
     1
  9
$TREEDEPTH
 70
  3020
  9
$CMLSTYLE
  2
Standard
  9
$CMLJUST
 70
     0
  9
$CMLSCALE
 40
1.0
  9
$PROXYGRAPHICS
 70
     1
  9
$MEASUREMENT
 70
     0
  9
$CELWEIGHT
370
    -1
  9
$ENDCAPS
280
     0
  9
$JOINSTYLE
280
     0
  9
$LWDISPLAY
290
     0
  9
$INSUNITS
 70
     4
  9
$HYPERLINKBASE
  1

  9
$STYLESHEET
  1

  9
$XEDIT
290
     1
  9
$CEPSNTYPE
380
     0
  9
$PSTYLEMODE
290
     1
  9
$FINGERPRINTGUID
  2
{37363470-7164-7475-7532-f16276786536}
  9
$VERSIONGUID
  2
{FAEB1C32-E019-11D5-929B-00C0DF256EC4}
  9
$EXTNAMES
290
     1
  9
$PSVPSCALE
 40
0.0
  9
$OLESTARTUP
290
     0
  9
$SORTENTS
280
   127
  9
$INDEXCTL
280
     0
  9
$HIDETEXT
280
     1
  9
$XCLIPFRAME
280
     2
  9
$HALOGAP
280
     0
  9
$OBSCOLOR
 70
   257
  9
$OBSLTYPE
280
     0
  9
$INTERSECTIONDISPLAY
280
     0
  9
$INTERSECTIONCOLOR
 70
   257
  9
$DIMASSOC
280
     2
  9
$PROJECTNAME
  1

  9
$CAMERADISPLAY
290
     0
  9
$LENSLENGTH
 40
50.0
  9
$CAMERAHEIGHT
 40
0.0
  9
$STEPSPERSEC
 40
2.0
  9
$STEPSIZE
 40
6.0
  9
$3DDWFPREC
 40
2.0
  9
$PSOLWIDTH
 40
0.25
  9
$PSOLHEIGHT
 40
4.0
  9
$LOFTANG1
 40
1.570796326794897
  9
$LOFTANG2
 40
1.570796326794897
  9
$LOFTMAG1
 40
0.0
  9
$LOFTMAG2
 40
0.0
  9
$LOFTPARAM
 70
     7
  9
$LOFTNORMALS
280
     1
  9
$LATITUDE
 40
37.795
  9
$LONGITUDE
 40
-122.394
  9
$NORTHDIRECTION
 40
0.0
  9
$TIMEZONE
 70
 -8000
  9
$LIGHTGLYPHDISPLAY
280
     1
  9
$TILEMODELIGHTSYNCH
280
     1
  9
$CMATERIAL
347
10752
  9
$SOLIDHIST
280
     0
  9
$SHOWHIST
280
     1
  9
$DWFFRAME
280
     2
  9
$DGNFRAME
280
     2
  9
$REALWORLDSCALE
290
     1
  9
$INTERFERECOLOR
 62
   256
  9
$CSHADOW
280
     0
  9
$SHADOWPLANELOCATION
 40
0.0
  0
ENDSEC
  0
SECTION
  2
CLASSES
  0
CLASS
  1
ACDBDICTIONARYWDFLT
  2
AcDbDictionaryWithDefault
  3
ObjectDBX Classes
 90
        0
 91
        3
280
     0
281
     0
  0
CLASS
  1
VISUALSTYLE
  2
AcDbVisualStyle
  3
ObjectDBX Classes
 90
     4095
 91
        3
280
     0
281
     0
  0
CLASS
  1
MATERIAL
  2
AcDbMaterial
  3
ObjectDBX Classes
 90
     1153
 91
        3
280
     0
281
     0
  0
CLASS
  1
SCALE
  2
AcDbScale
  3
ObjectDBX Classes
 90
     1153
 91
        3
280
     0
281
     0
  0
CLASS
  1
TABLESTYLE
  2
AcDbTableStyle
  3
ObjectDBX Classes
 90
     4095
 91
        3
280
     0
281
     0
  0
CLASS
  1
MLEADERSTYLE
  2
AcDbMLeaderStyle
  3
ACDB_MLEADERSTYLE_CLASS
 90
     4095
 91
        3
280
     0
281
     0
  0
CLASS
  1
SUN
  2
AcDbSun
  3
SCENEOE
 90
     1153
 91
        3
280
     0
281
     0
  0
CLASS
  1
DICTIONARYVAR
  2
AcDbDictionaryVar
  3
ObjectDBX Classes
 90
        0
 91
        3
280
     0
281
     0
  0
CLASS
  1
CELLSTYLEMAP
  2
AcDbCellStyleMap
  3
ObjectDBX Classes
 90
     1152
 91
        3
280
     0
281
     0
  0
ENDSEC
  0
SECTION
  2
TABLES
  0
TABLE
  2
VPORT
  5
10717
330
0
100
AcDbSymbolTable
 70
     1
  0
VPORT
  5
10737
330
10717
100
AcDbSymbolTableRecord
100
AcDbViewportTableRecord
  2
*Active
 70
     0
 10
0.0
 20
0.0
 11
1.0
 21
1.0
 12
162.2050611647362
 22
-129.7884547685945
 13
0.0
 23
0.0
 14
0.5
 24
0.5
 15
0.5
 25
0.5
 16
0.0
 26
0.0
 36
1.0
 17
0.0
 27
0.0
 37
0.0
 40
127.1619283649815
 41
1.917345750873108
 42
50.0
 43
0.0
 44
0.0
 50
0.0
 51
0.0
 71
     0
 72
   100
 73
     1
 74
     3
 75
     0
 76
     0
 77
     0
 78
     0
281
     0
 65
     1
110
0.0
120
0.0
130
0.0
111
1.0
121
0.0
131
0.0
112
0.0
122
1.0
132
0.0
 79
     0
146
0.0
348
1073D
 60
     3
 61
     5
292
     1
282
     1
141
0.0
142
0.0
 63
   250
361
1077B
  0
ENDTAB
  0
TABLE
  2
LTYPE
  5
10714
330
0
100
AcDbSymbolTable
 70
    52
  0
LTYPE
  5
10722
330
10714
100
AcDbSymbolTableRecord
100
AcDbLinetypeTableRecord
  2
ByBlock
 70
     0
  3

 72
    65
 73
     0
 40
0.0
  0
LTYPE
  5
10723
330
10714
100
AcDbSymbolTableRecord
100
AcDbLinetypeTableRecord
  2
ByLayer
 70
     0
  3

 72
    65
 73
     0
 40
0.0
  0
LTYPE
  5
10724
330
10714
100
AcDbSymbolTableRecord
100
AcDbLinetypeTableRecord
  2
Continuous
 70
     0
  3
Solid line
 72
    65
 73
     0
 40
0.0
  0
LTYPE
  5
107B7
330
10714
100
AcDbSymbolTableRecord
100
AcDbLinetypeTableRecord
  2
HIDDENX2
 70
     0
  3
Hidden (2x) ____ ____ ____ ____ ____ ____ ____ 
 72
    65
 73
     2
 40
19.05
 49
12.7
 74
     0
 49
-6.35
 74
     0
  0
LTYPE
  5
107B8
330
10714
100
AcDbSymbolTableRecord
100
AcDbLinetypeTableRecord
  2
PHANTOM2
 70
     0
  3
Phantom (.5x) ___ _ _ ___ _ _ ___ _ _ ___ _ _
 72
    65
 73
     6
 40
31.75
 49
15.875
 74
     0
 49
-3.175
 74
     0
 49
3.175
 74
     0
 49
-3.175
 74
     0
 49
3.175
 74
     0
 49
-3.175
 74
     0
  0
LTYPE
  5
107B9
330
10714
100
AcDbSymbolTableRecord
100
AcDbLinetypeTableRecord
  2
PHANTOM
 70
     0
  3
Phantom ______  __  __  ______  __  __  ______ 
 72
    65
 73
     6
 40
63.50000000000001
 49
31.75
 74
     0
 49
-6.35
 74
     0
 49
6.35
 74
     0
 49
-6.35
 74
     0
 49
6.35
 74
     0
 49
-6.35
 74
     0
  0
LTYPE
  5
107BB
330
10714
100
AcDbSymbolTableRecord
100
AcDbLinetypeTableRecord
  2
GAS_LINE
 70
     0
  3
Gas line ----GAS----GAS----GAS----GAS----GAS----GAS--
 72
    65
 73
     3
 40
24.13
 49
12.7
 74
     0
 49
-5.08
 74
     2
 75
     0
340
107BA
 46
2.54
 50
0.0
 44
-2.54
 45
-1.27
  9
GAS
 49
-6.35
 74
     0
  0
LTYPE
  5
107BD
330
10714
100
AcDbSymbolTableRecord
100
AcDbLinetypeTableRecord
  2
FENCELINE2
 70
     0
  3
Fenceline square ----[]-----[]----[]-----[]----[]---
 72
    65
 73
     4
 40
36.83
 49
6.35
 74
     0
 49
-2.54
 74
     2
 75
     0
340
107BC
 46
2.54
 50
0.0
 44
-2.54
 45
0.0
  9
BOX
 49
-2.54
 74
     0
 49
25.4
 74
     0
  0
LTYPE
  5
107BE
330
10714
100
AcDbSymbolTableRecord
100
AcDbLinetypeTableRecord
  2
HIDDEN2
 70
     0
  3
Hidden (.5x) _ _ _ _ _ _ _ _ _ _ _ _ _ _ _ _ _ 
 72
    65
 73
     2
 40
4.762499999999999
 49
3.175
 74
     0
 49
-1.5875
 74
     0
  0
LTYPE
  5
107BF
330
10714
100
AcDbSymbolTableRecord
100
AcDbLinetypeTableRecord
  2
HIDDEN
 70
     0
  3
Hidden __ __ __ __ __ __ __ __ __ __ __ __ __ __
 72
    65
 73
     2
 40
9.524999999999999
 49
6.35
 74
     0
 49
-3.175
 74
     0
  0
LTYPE
  5
107C1
330
10714
100
AcDbSymbolTableRecord
100
AcDbLinetypeTableRecord
  2
TRACKS
 70
     0
  3
Tracks -|-|-|-|-|-|-|-|-|-|-|-|-|-|-|-|-|-|-|-|-|-|-|-|-
 72
    65
 73
     2
 40
7.62
 49
3.81
 74
     2
 75
     0
340
107C0
 46
6.35
 50
0.0
 44
0.0
 45
0.0
  9
TRACK1
 49
3.81
 74
     0
  0
LTYPE
  5
107C2
330
10714
100
AcDbSymbolTableRecord
100
AcDbLinetypeTableRecord
  2
PHANTOMX2
 70
     0
  3
Phantom (2x) ____________    ____    ____   _
 72
    65
 73
     6
 40
127.0
 49
63.5
 74
     0
 49
-12.7
 74
     0
 49
12.7
 74
     0
 49
-12.7
 74
     0
 49
12.7
 74
     0
 49
-12.7
 74
     0
  0
LTYPE
  5
107C5
330
10714
100
AcDbSymbolTableRecord
100
AcDbLinetypeTableRecord
  2
ZIGZAG
 70
     0
  3
Zig zag /\/\/\/\/\/\/\/\/\/\/\/\/\/\/\/\/\/\/\/\/\/\/\/
 72
    65
 73
     4
 40
20.32254
 49
0.00254
 74
     0
 49
-5.08
 74
     2
 75
     0
340
107C3
 46
5.08
 50
0.0
 44
-5.08
 45
0.0
  9
ZIG
 49
-10.16
 74
     2
 75
     0
340
107C4
 46
5.08
 50
180.0
 44
5.08
 45
0.0
  9
ZIG
 49
-5.08
 74
     0
  0
LTYPE
  5
107C6
330
10714
100
AcDbSymbolTableRecord
100
AcDbLinetypeTableRecord
  2
ACAD_ISO07W100
 70
     0
  3
ISO dot . . . . . . . . . . . . . . . . . . . . 
 72
    65
 73
     2
 40
3.0
 49
0.0
 74
     0
 49
-3.0
 74
     0
  0
LTYPE
  5
107C7
330
10714
100
AcDbSymbolTableRecord
100
AcDbLinetypeTableRecord
  2
ACAD_ISO06W100
 70
     0
  3
ISO long-dash triple-dot ____ ... ____ ... ____
 72
    65
 73
     8
 40
36.0
 49
24.0
 74
     0
 49
-3.0
 74
     0
 49
0.0
 74
     0
 49
-3.0
 74
     0
 49
0.0
 74
     0
 49
-3.0
 74
     0
 49
0.0
 74
     0
 49
-3.0
 74
     0
  0
LTYPE
  5
107C8
330
10714
100
AcDbSymbolTableRecord
100
AcDbLinetypeTableRecord
  2
ACAD_ISO09W100
 70
     0
  3
ISO long-dash double-short-dash ____ __ __ ____
 72
    65
 73
     6
 40
45.0
 49
24.0
 74
     0
 49
-3.0
 74
     0
 49
6.0
 74
     0
 49
-3.0
 74
     0
 49
6.0
 74
     0
 49
-3.0
 74
     0
  0
LTYPE
  5
107C9
330
10714
100
AcDbSymbolTableRecord
100
AcDbLinetypeTableRecord
  2
ACAD_ISO08W100
 70
     0
  3
ISO long-dash short-dash ____ __ ____ __ ____ _
 72
    65
 73
     4
 40
36.0
 49
24.0
 74
     0
 49
-3.0
 74
     0
 49
6.0
 74
     0
 49
-3.0
 74
     0
  0
LTYPE
  5
107CA
330
10714
100
AcDbSymbolTableRecord
100
AcDbLinetypeTableRecord
  2
ACAD_ISO03W100
 70
     0
  3
ISO dash space __    __    __    __    __    __
 72
    65
 73
     2
 40
30.0
 49
12.0
 74
     0
 49
-18.0
 74
     0
  0
LTYPE
  5
107CB
330
10714
100
AcDbSymbolTableRecord
100
AcDbLinetypeTableRecord
  2
ACAD_ISO02W100
 70
     0
  3
ISO dash __ __ __ __ __ __ __ __ __ __ __ __ __
 72
    65
 73
     2
 40
15.0
 49
12.0
 74
     0
 49
-3.0
 74
     0
  0
LTYPE
  5
107CC
330
10714
100
AcDbSymbolTableRecord
100
AcDbLinetypeTableRecord
  2
ACAD_ISO05W100
 70
     0
  3
ISO long-dash double-dot ____ .. ____ .. ____ . 
 72
    65
 73
     6
 40
33.0
 49
24.0
 74
     0
 49
-3.0
 74
     0
 49
0.0
 74
     0
 49
-3.0
 74
     0
 49
0.0
 74
     0
 49
-3.0
 74
     0
  0
LTYPE
  5
107CD
330
10714
100
AcDbSymbolTableRecord
100
AcDbLinetypeTableRecord
  2
ACAD_ISO04W100
 70
     0
  3
ISO long-dash dot ____ . ____ . ____ . ____ . _
 72
    65
 73
     4
 40
30.0
 49
24.0
 74
     0
 49
-3.0
 74
     0
 49
0.0
 74
     0
 49
-3.0
 74
     0
  0
LTYPE
  5
107CE
330
10714
100
AcDbSymbolTableRecord
100
AcDbLinetypeTableRecord
  2
ACAD_ISO15W100
 70
     0
  3
ISO double-dash triple-dot __ __ . . . __ __ . .
 72
    65
 73
    10
 40
39.0
 49
12.0
 74
     0
 49
-3.0
 74
     0
 49
12.0
 74
     0
 49
-3.0
 74
     0
 49
0.0
 74
     0
 49
-3.0
 74
     0
 49
0.0
 74
     0
 49
-3.0
 74
     0
 49
0.0
 74
     0
 49
-3.0
 74
     0
  0
LTYPE
  5
107CF
330
10714
100
AcDbSymbolTableRecord
100
AcDbLinetypeTableRecord
  2
ACAD_ISO14W100
 70
     0
  3
ISO dash triple-dot __ . . . __ . . . __ . . . _
 72
    65
 73
     8
 40
24.0
 49
12.0
 74
     0
 49
-3.0
 74
     0
 49
0.0
 74
     0
 49
-3.0
 74
     0
 49
0.0
 74
     0
 49
-3.0
 74
     0
 49
0.0
 74
     0
 49
-3.0
 74
     0
  0
LTYPE
  5
107D0
330
10714
100
AcDbSymbolTableRecord
100
AcDbLinetypeTableRecord
  2
BORDER
 70
     0
  3
Border __ __ . __ __ . __ __ . __ __ . __ __ .
 72
    65
 73
     6
 40
44.45
 49
12.7
 74
     0
 49
-6.35
 74
     0
 49
12.7
 74
     0
 49
-6.35
 74
     0
 49
0.0
 74
     0
 49
-6.35
 74
     0
  0
LTYPE
  5
107D3
330
10714
100
AcDbSymbolTableRecord
100
AcDbLinetypeTableRecord
  2
BATTING
 70
     0
  3
Batting SSSSSSSSSSSSSSSSSSSSSSSSSSSSSSSSSSSSSSSSSSSSSSS
 72
    65
 73
     4
 40
10.16254
 49
0.00254
 74
     0
 49
-2.54
 74
     2
 75
     0
340
107D1
 46
2.54
 50
0.0
 44
-2.54
 45
0.0
  9
BAT
 49
-5.08
 74
     2
 75
     0
340
107D2
 46
2.54
 50
180.0
 44
2.54
 45
0.0
  9
BAT
 49
-2.54
 74
     0
  0
LTYPE
  5
107D4
330
10714
100
AcDbSymbolTableRecord
100
AcDbLinetypeTableRecord
  2
ACAD_ISO11W100
 70
     0
  3
ISO double-dash dot __ __ . __ __ . __ __ . __ _
 72
    65
 73
     6
 40
33.0
 49
12.0
 74
     0
 49
-3.0
 74
     0
 49
12.0
 74
     0
 49
-3.0
 74
     0
 49
0.0
 74
     0
 49
-3.0
 74
     0
  0
LTYPE
  5
107D5
330
10714
100
AcDbSymbolTableRecord
100
AcDbLinetypeTableRecord
  2
ACAD_ISO10W100
 70
     0
  3
ISO dash dot __ . __ . __ . __ . __ . __ . __ . 
 72
    65
 73
     4
 40
18.0
 49
12.0
 74
     0
 49
-3.0
 74
     0
 49
0.0
 74
     0
 49
-3.0
 74
     0
  0
LTYPE
  5
107D6
330
10714
100
AcDbSymbolTableRecord
100
AcDbLinetypeTableRecord
  2
ACAD_ISO13W100
 70
     0
  3
ISO double-dash double-dot __ __ . . __ __ . . _
 72
    65
 73
     8
 40
36.0
 49
12.0
 74
     0
 49
-3.0
 74
     0
 49
12.0
 74
     0
 49
-3.0
 74
     0
 49
0.0
 74
     0
 49
-3.0
 74
     0
 49
0.0
 74
     0
 49
-3.0
 74
     0
  0
LTYPE
  5
107D7
330
10714
100
AcDbSymbolTableRecord
100
AcDbLinetypeTableRecord
  2
ACAD_ISO12W100
 70
     0
  3
ISO dash double-dot __ . . __ . . __ . . __ . . 
 72
    65
 73
     6
 40
21.0
 49
12.0
 74
     0
 49
-3.0
 74
     0
 49
0.0
 74
     0
 49
-3.0
 74
     0
 49
0.0
 74
     0
 49
-3.0
 74
     0
  0
LTYPE
  5
107D9
330
10714
100
AcDbSymbolTableRecord
100
AcDbLinetypeTableRecord
  2
CUTLEFT
 70
     0
  3
G41 ----\----\----\----
 72
    65
 73
     2
 40
10.16
 49
5.08
 74
     2
 75
     0
340
107D8
 46
2.54
 50
180.0
 44
0.0
 45
0.0
  9
LRIGHT_ARROW
 49
5.08
 74
     0
  0
LTYPE
  5
107DA
330
10714
100
AcDbSymbolTableRecord
100
AcDbLinetypeTableRecord
  2
CENTERX2
 70
     0
  3
Center (2x) ________  __  ________  __  _____
 72
    65
 73
     4
 40
101.6
 49
63.5
 74
     0
 49
-12.7
 74
     0
 49
12.7
 74
     0
 49
-12.7
 74
     0
  0
LTYPE
  5
107DC
330
10714
100
AcDbSymbolTableRecord
100
AcDbLinetypeTableRecord
  2
CUTRIGHT
 70
     0
  3
G42 ----/----/-----/---
 72
    65
 73
     2
 40
10.16
 49
5.08
 74
     2
 75
     0
340
107DB
 46
2.54
 50
180.0
 44
0.0
 45
0.0
  9
HRIGHT_ARROW
 49
5.08
 74
     0
  0
LTYPE
  5
107DE
330
10714
100
AcDbSymbolTableRecord
100
AcDbLinetypeTableRecord
  2
CUTLEFT2
 70
     0
  3
G41 reversed----/----/----/----
 72
    65
 73
     2
 40
10.16
 49
5.08
 74
     2
 75
     0
340
107DD
 46
2.54
 50
0.0
 44
0.0
 45
0.0
  9
LRIGHT_ARROW
 49
5.08
 74
     0
  0
LTYPE
  5
107DF
330
10714
100
AcDbSymbolTableRecord
100
AcDbLinetypeTableRecord
  2
BORDERX2
 70
     0
  3
Border (2x) ____  ____  .  ____  ____  .  ___
 72
    65
 73
     6
 40
88.89999999999999
 49
25.4
 74
     0
 49
-12.7
 74
     0
 49
25.4
 74
     0
 49
-12.7
 74
     0
 49
0.0
 74
     0
 49
-12.7
 74
     0
  0
LTYPE
  5
107E0
330
10714
100
AcDbSymbolTableRecord
100
AcDbLinetypeTableRecord
  2
BORDER2
 70
     0
  3
Border (.5x) __.__.__.__.__.__.__.__.__.__.__.
 72
    65
 73
     6
 40
22.225
 49
6.35
 74
     0
 49
-3.175
 74
     0
 49
6.35
 74
     0
 49
-3.175
 74
     0
 49
0.0
 74
     0
 49
-3.175
 74
     0
  0
LTYPE
  5
107E1
330
10714
100
AcDbSymbolTableRecord
100
AcDbLinetypeTableRecord
  2
CENTER2
 70
     0
  3
Center (.5x) ___ _ ___ _ ___ _ ___ _ ___ _ ___
 72
    65
 73
     4
 40
28.575
 49
19.05
 74
     0
 49
-3.175
 74
     0
 49
3.175
 74
     0
 49
-3.175
 74
     0
  0
LTYPE
  5
107E2
330
10714
100
AcDbSymbolTableRecord
100
AcDbLinetypeTableRecord
  2
CENTER
 70
     0
  3
Center ____ _ ____ _ ____ _ ____ _ ____ _ ____
 72
    65
 73
     4
 40
50.8
 49
31.75
 74
     0
 49
-6.35
 74
     0
 49
6.35
 74
     0
 49
-6.35
 74
     0
  0
LTYPE
  5
107E3
330
10714
100
AcDbSymbolTableRecord
100
AcDbLinetypeTableRecord
  2
DASHED2
 70
     0
  3
Dashed (.5x) _ _ _ _ _ _ _ _ _ _ _ _ _ _ _ _ _ 
 72
    65
 73
     2
 40
9.524999999999999
 49
6.35
 74
     0
 49
-3.175
 74
     0
  0
LTYPE
  5
107E4
330
10714
100
AcDbSymbolTableRecord
100
AcDbLinetypeTableRecord
  2
DASHED
 70
     0
  3
Dashed __ __ __ __ __ __ __ __ __ __ __ __ __ _
 72
    65
 73
     2
 40
19.05
 49
12.7
 74
     0
 49
-6.35
 74
     0
  0
LTYPE
  5
107E5
330
10714
100
AcDbSymbolTableRecord
100
AcDbLinetypeTableRecord
  2
DIVIDE
 70
     0
  3
Divide ____ . . ____ . . ____ . . ____ . . ____
 72
    65
 73
     6
 40
31.75
 49
12.7
 74
     0
 49
-6.35
 74
     0
 49
0.0
 74
     0
 49
-6.35
 74
     0
 49
0.0
 74
     0
 49
-6.35
 74
     0
  0
LTYPE
  5
107E6
330
10714
100
AcDbSymbolTableRecord
100
AcDbLinetypeTableRecord
  2
DASHEDX2
 70
     0
  3
Dashed (2x) ____  ____  ____  ____  ____  ___
 72
    65
 73
     2
 40
38.09999999999999
 49
25.4
 74
     0
 49
-12.7
 74
     0
  0
LTYPE
  5
107E7
330
10714
100
AcDbSymbolTableRecord
100
AcDbLinetypeTableRecord
  2
DASHDOT
 70
     0
  3
Dash dot __ . __ . __ . __ . __ . __ . __ . __
 72
    65
 73
     4
 40
25.4
 49
12.7
 74
     0
 49
-6.35
 74
     0
 49
0.0
 74
     0
 49
-6.35
 74
     0
  0
LTYPE
  5
107E9
330
10714
100
AcDbSymbolTableRecord
100
AcDbLinetypeTableRecord
  2
CUTRIGHT2
 70
     0
  3
G42 reversed----\----\----\----
 72
    65
 73
     2
 40
10.16
 49
5.08
 74
     2
 75
     0
340
107E8
 46
2.54
 50
0.0
 44
0.0
 45
0.0
  9
HRIGHT_ARROW
 49
5.08
 74
     0
  0
LTYPE
  5
107EA
330
10714
100
AcDbSymbolTableRecord
100
AcDbLinetypeTableRecord
  2
DASHDOTX2
 70
     0
  3
Dash dot (2x) ____  .  ____  .  ____  .  ___
 72
    65
 73
     4
 40
50.8
 49
25.4
 74
     0
 49
-12.7
 74
     0
 49
0.0
 74
     0
 49
-12.7
 74
     0
  0
LTYPE
  5
107EB
330
10714
100
AcDbSymbolTableRecord
100
AcDbLinetypeTableRecord
  2
DASHDOT2
 70
     0
  3
Dash dot (.5x) _._._._._._._._._._._._._._._.
 72
    65
 73
     4
 40
12.7
 49
6.35
 74
     0
 49
-3.175
 74
     0
 49
0.0
 74
     0
 49
-3.175
 74
     0
  0
LTYPE
  5
107ED
330
10714
100
AcDbSymbolTableRecord
100
AcDbLinetypeTableRecord
  2
DRAINAGE
 70
     0
  3
Drainage ---->---->---->----
 72
    65
 73
     2
 40
10.16
 49
5.08
 74
     2
 75
     0
340
107EC
 46
2.54
 50
180.0
 44
0.0
 45
0.0
  9
RIGHT_ARROW
 49
5.08
 74
     0
  0
LTYPE
  5
107EE
330
10714
100
AcDbSymbolTableRecord
100
AcDbLinetypeTableRecord
  2
DOTX2
 70
     0
  3
Dot (2x) .  .  .  .  .  .  .  .  .  .  .  .  .  .
 72
    65
 73
     2
 40
12.7
 49
0.0
 74
     0
 49
-12.7
 74
     0
  0
LTYPE
  5
107F0
330
10714
100
AcDbSymbolTableRecord
100
AcDbLinetypeTableRecord
  2
FENCELINE1
 70
     0
  3
Fenceline circle ----0-----0----0-----0----0-----0--
 72
    65
 73
     4
 40
36.83
 49
6.35
 74
     0
 49
-2.54
 74
     2
 75
     0
340
107EF
 46
2.54
 50
0.0
 44
-2.54
 45
0.0
  9
CIRC1
 49
-2.54
 74
     0
 49
25.4
 74
     0
  0
LTYPE
  5
107F2
330
10714
100
AcDbSymbolTableRecord
100
AcDbLinetypeTableRecord
  2
DRAINAGE2
 70
     0
  3
Drainage reversed----<----<----<----
 72
    65
 73
     2
 40
10.16
 49
5.08
 74
     2
 75
     0
340
107F1
 46
2.54
 50
0.0
 44
0.0
 45
0.0
  9
RIGHT_ARROW
 49
5.08
 74
     0
  0
LTYPE
  5
107F3
330
10714
100
AcDbSymbolTableRecord
100
AcDbLinetypeTableRecord
  2
DIVIDEX2
 70
     0
  3
Divide (2x) ________  .  .  ________  .  .  _
 72
    65
 73
     6
 40
63.5
 49
25.4
 74
     0
 49
-12.7
 74
     0
 49
0.0
 74
     0
 49
-12.7
 74
     0
 49
0.0
 74
     0
 49
-12.7
 74
     0
  0
LTYPE
  5
107F4
330
10714
100
AcDbSymbolTableRecord
100
AcDbLinetypeTableRecord
  2
DIVIDE2
 70
     0
  3
Divide (.5x) __..__..__..__..__..__..__..__.._
 72
    65
 73
     6
 40
15.875
 49
6.35
 74
     0
 49
-3.175
 74
     0
 49
0.0
 74
     0
 49
-3.175
 74
     0
 49
0.0
 74
     0
 49
-3.175
 74
     0
  0
LTYPE
  5
107F5
330
10714
100
AcDbSymbolTableRecord
100
AcDbLinetypeTableRecord
  2
DOT2
 70
     0
  3
Dot (.5x) ........................................
 72
    65
 73
     2
 40
3.175
 49
0.0
 74
     0
 49
-3.175
 74
     0
  0
LTYPE
  5
107F6
330
10714
100
AcDbSymbolTableRecord
100
AcDbLinetypeTableRecord
  2
DOT
 70
     0
  3
Dot . . . . . . . . . . . . . . . . . . . . . . . .
 72
    65
 73
     2
 40
6.35
 49
0.0
 74
     0
 49
-6.35
 74
     0
  0
LTYPE
  5
107F8
330
10714
100
AcDbSymbolTableRecord
100
AcDbLinetypeTableRecord
  2
HOT_WATER_SUPPLY
 70
     0
  3
Hot water supply ---- HW ---- HW ---- HW ----
 72
    65
 73
     3
 40
22.86
 49
12.7
 74
     0
 49
-5.08
 74
     2
 75
     0
340
107F7
 46
2.54
 50
0.0
 44
-2.54
 45
-1.27
  9
HW
 49
-5.08
 74
     0
  0
ENDTAB
  0
TABLE
  2
LAYER
  5
10712
330
0
100
AcDbSymbolTable
 70
     9
  0
LAYER
  5
1071F
330
10712
100
AcDbSymbolTableRecord
100
AcDbLayerTableRecord
  2
0
 70
     0
 62
     7
  6
Continuous
370
    -3
390
1071E
347
10754
348
0
  0
LAYER
  5
107F9
330
10712
100
AcDbSymbolTableRecord
100
AcDbLayerTableRecord
  2
none
 70
     0
 62
     7
  6
Continuous
370
    -3
390
1071E
347
10754
348
0
  0
LAYER
  5
107FA
330
10712
100
AcDbSymbolTableRecord
100
AcDbLayerTableRecord
  2
Shape
 70
     0
 62
     7
  6
Continuous
370
    -3
390
1071E
347
10754
348
0
  0
LAYER
  5
107FB
330
10712
100
AcDbSymbolTableRecord
100
AcDbLayerTableRecord
  2
Shape002
 70
     0
 62
     7
  6
Continuous
370
    -3
390
1071E
347
10754
348
0
  0
LAYER
  5
107FC
330
10712
100
AcDbSymbolTableRecord
100
AcDbLayerTableRecord
  2
Shape004
 70
     0
 62
     7
  6
Continuous
370
    -3
390
1071E
347
10754
348
0
  0
LAYER
  5
107FD
330
10712
100
AcDbSymbolTableRecord
100
AcDbLayerTableRecord
  2
Shape006
 70
     0
 62
     7
  6
Continuous
370
    -3
390
1071E
347
10754
348
0
  0
LAYER
  5
107FE
330
10712
100
AcDbSymbolTableRecord
100
AcDbLayerTableRecord
  2
Shape008
 70
     0
 62
     7
  6
Continuous
370
    -3
390
1071E
347
10754
348
0
  0
LAYER
  5
107FF
330
10712
100
AcDbSymbolTableRecord
100
AcDbLayerTableRecord
  2
Shape010
 70
     0
 62
     7
  6
Continuous
370
    -3
390
1071E
347
10754
348
0
  0
LAYER
  5
10800
330
10712
100
AcDbSymbolTableRecord
100
AcDbLayerTableRecord
  2
Shape012
 70
     0
 62
     7
  6
Continuous
370
    -3
390
1071E
347
10754
348
0
  0
ENDTAB
  0
TABLE
  2
STYLE
  5
10713
330
0
100
AcDbSymbolTable
 70
    17
  0
STYLE
  5
10720
330
10713
100
AcDbSymbolTableRecord
100
AcDbTextStyleTableRecord
  2
Standard
 70
     0
 40
0.0
 41
1.0
 50
0.0
 71
     0
 42
2.5
  3
txt
  4

  0
STYLE
  5
107B5
330
10713
100
AcDbSymbolTableRecord
100
AcDbTextStyleTableRecord
  2
QCADDimTextStyle
 70
     0
 40
0.0
 41
1.0
 50
0.0
 71
     0
 42
2.5
  3

  4

  0
STYLE
  5
107BA
330
10713
100
AcDbSymbolTableRecord
100
AcDbTextStyleTableRecord
  2
textstyle0
 70
     0
 40
0.0
 41
1.0
 50
0.0
 71
     0
 42
2.5
  3
STANDARD
  4

  0
STYLE
  5
107BC
330
10713
100
AcDbSymbolTableRecord
100
AcDbTextStyleTableRecord
  2
textstyle1
 70
     0
 40
0.0
 41
1.0
 50
0.0
 71
     0
 42
2.5
  3
ltypeshp.shx
  4

  0
STYLE
  5
107C0
330
10713
100
AcDbSymbolTableRecord
100
AcDbTextStyleTableRecord
  2
textstyle2
 70
     0
 40
0.0
 41
1.0
 50
0.0
 71
     0
 42
2.5
  3
ltypeshp.shx
  4

  0
STYLE
  5
107C3
330
10713
100
AcDbSymbolTableRecord
100
AcDbTextStyleTableRecord
  2
textstyle3
 70
     0
 40
0.0
 41
1.0
 50
0.0
 71
     0
 42
2.5
  3
ltypeshp.shx
  4

  0
STYLE
  5
107C4
330
10713
100
AcDbSymbolTableRecord
100
AcDbTextStyleTableRecord
  2
textstyle4
 70
     0
 40
0.0
 41
1.0
 50
0.0
 71
     0
 42
2.5
  3
ltypeshp.shx
  4

  0
STYLE
  5
107D1
330
10713
100
AcDbSymbolTableRecord
100
AcDbTextStyleTableRecord
  2
textstyle5
 70
     0
 40
0.0
 41
1.0
 50
0.0
 71
     0
 42
2.5
  3
ltypeshp.shx
  4

  0
STYLE
  5
107D2
330
10713
100
AcDbSymbolTableRecord
100
AcDbTextStyleTableRecord
  2
textstyle6
 70
     0
 40
0.0
 41
1.0
 50
0.0
 71
     0
 42
2.5
  3
ltypeshp.shx
  4

  0
STYLE
  5
107D8
330
10713
100
AcDbSymbolTableRecord
100
AcDbTextStyleTableRecord
  2
textstyle7
 70
     0
 40
0.0
 41
1.0
 50
0.0
 71
     0
 42
2.5
  3
qcadshp.shx
  4

  0
STYLE
  5
107DB
330
10713
100
AcDbSymbolTableRecord
100
AcDbTextStyleTableRecord
  2
textstyle8
 70
     0
 40
0.0
 41
1.0
 50
0.0
 71
     0
 42
2.5
  3
qcadshp.shx
  4

  0
STYLE
  5
107DD
330
10713
100
AcDbSymbolTableRecord
100
AcDbTextStyleTableRecord
  2
textstyle9
 70
     0
 40
0.0
 41
1.0
 50
0.0
 71
     0
 42
2.5
  3
qcadshp.shx
  4

  0
STYLE
  5
107E8
330
10713
100
AcDbSymbolTableRecord
100
AcDbTextStyleTableRecord
  2
textstyle10
 70
     0
 40
0.0
 41
1.0
 50
0.0
 71
     0
 42
2.5
  3
qcadshp.shx
  4

  0
STYLE
  5
107EC
330
10713
100
AcDbSymbolTableRecord
100
AcDbTextStyleTableRecord
  2
textstyle11
 70
     0
 40
0.0
 41
1.0
 50
0.0
 71
     0
 42
2.5
  3
qcadshp.shx
  4

  0
STYLE
  5
107EF
330
10713
100
AcDbSymbolTableRecord
100
AcDbTextStyleTableRecord
  2
textstyle12
 70
     0
 40
0.0
 41
1.0
 50
0.0
 71
     0
 42
2.5
  3
ltypeshp.shx
  4

  0
STYLE
  5
107F1
330
10713
100
AcDbSymbolTableRecord
100
AcDbTextStyleTableRecord
  2
textstyle13
 70
     0
 40
0.0
 41
1.0
 50
0.0
 71
     0
 42
2.5
  3
qcadshp.shx
  4

  0
STYLE
  5
107F7
330
10713
100
AcDbSymbolTableRecord
100
AcDbTextStyleTableRecord
  2
textstyle14
 70
     0
 40
0.0
 41
1.0
 50
0.0
 71
     0
 42
2.5
  3
STANDARD
  4

  0
ENDTAB
  0
TABLE
  2
VIEW
  5
10715
330
0
100
AcDbSymbolTable
 70
     0
  0
ENDTAB
  0
TABLE
  2
UCS
  5
10716
330
0
100
AcDbSymbolTable
 70
     0
  0
ENDTAB
  0
TABLE
  2
APPID
  5
10718
330
0
100
AcDbSymbolTable
 70
     2
  0
APPID
  5
10721
330
10718
100
AcDbSymbolTableRecord
100
AcDbRegAppTableRecord
  2
ACAD
 70
     0
  0
APPID
  5
1077C
330
10718
100
AcDbSymbolTableRecord
100
AcDbRegAppTableRecord
  2
QCAD
 70
     0
  0
ENDTAB
  0
TABLE
  2
DIMSTYLE
  5
10719
330
0
100
AcDbSymbolTable
 70
     2
100
AcDbDimStyleTable
  0
DIMSTYLE
105
10735
330
10719
100
AcDbSymbolTableRecord
100
AcDbDimStyleTableRecord
  2
Standard
 70
     0
178
     0
340
10720
  0
DIMSTYLE
105
107B6
330
10719
100
AcDbSymbolTableRecord
100
AcDbDimStyleTableRecord
  2
QCADDimStyle
 70
     0
 73
     0
 77
     1
178
     0
340
107B5
  0
ENDTAB
  0
TABLE
  2
BLOCK_RECORD
  5
10711
330
0
100
AcDbSymbolTable
 70
     0
  0
BLOCK_RECORD
  5
1072D
330
10711
100
AcDbSymbolTableRecord
100
AcDbBlockTableRecord
  2
*Model_Space
340
10730
 70
     0
280
     1
281
     0
  0
BLOCK_RECORD
  5
10729
330
10711
100
AcDbSymbolTableRecord
100
AcDbBlockTableRecord
  2
*Paper_Space
340
1072C
 70
     0
280
     1
281
     0
  0
ENDTAB
  0
ENDSEC
  0
SECTION
  2
BLOCKS
  0
BLOCK
  5
1072E
330
1072D
100
AcDbEntity
  8
0
100
AcDbBlockBegin
  2
*Model_Space
 70
     0
 10
0.0
 20
0.0
 30
0.0
  3
*Model_Space
  1

  0
ENDBLK
  5
1072F
330
1072D
100
AcDbEntity
  8
0
100
AcDbBlockEnd
  0
BLOCK
  5
1072A
330
10729
100
AcDbEntity
 67
     1
  8
0
100
AcDbBlockBegin
  2
*Paper_Space
 70
     0
 10
0.0
 20
0.0
 30
0.0
  3
*Paper_Space
  1

  0
ENDBLK
  5
1072B
330
10729
100
AcDbEntity
 67
     1
  8
0
100
AcDbBlockEnd
  0
ENDSEC
  0
SECTION
  2
ENTITIES
  0
LINE
  5
1021B
330
1072D
100
AcDbEntity
  8
Shape
100
AcDbLine
 10
123.9987527406162
 20
-164.4890671395971
 30
0.0
 11
123.7492996793917
 21
-164.4230671395971
 31
0.0
  0
LINE
  5
10237
330
1072D
100
AcDbEntity
  8
Shape012
100
AcDbLine
 10
97.99637916545828
 20
-168.5356807747143
 30
0.0
 11
98.06117916545827
 21
-168.3019807747143
 31
0.0
  0
LINE
  5
10474
330
1072D
100
AcDbEntity
  8
0
100
AcDbLine
 10
103.271149254857
 20
-113.8918666773295
 30
0.0
 11
113.271149254857
 21
-113.8918666773295
 31
0.0
  0
LINE
  5
10651
330
1072D
100
AcDbEntity
  8
0
100
AcDbLine
 10
99.32317404511103
 20
-128.5105658202739
 30
0.0
 11
99.32317404511103
 21
-118.510565820274
 31
0.0
  0
LINE
  5
1066D
330
1072D
100
AcDbEntity
  8
0
100
AcDbLine
 10
113.9418731880555
 20
-132.4585410300199
 30
0.0
 11
103.9418731880555
 21
-132.4585410300199
 31
0.0
  0
LINE
  5
10689
330
1072D
100
AcDbEntity
  8
0
100
AcDbLine
 10
117.8898483978015
 20
-117.8398418870754
 30
0.0
 11
117.8898483978015
 21
-127.8398418870754
 31
0.0
  0
LINE
  5
106A0
330
1072D
100
AcDbEntity
  8
0
100
AcDbLine
 10
104.2135006728595
 20
-140.1492039153073
 30
0.0
 11
114.2135006728595
 21
-140.1492039153073
 31
0.0
  0
LINE
  5
106A1
330
1072D
100
AcDbEntity
  8
0
100
AcDbLine
 10
100.2655254631135
 20
-154.7679030582518
 30
0.0
 11
100.2655254631135
 21
-144.7679030582518
 31
0.0
  0
LINE
  5
106A2
330
1072D
100
AcDbEntity
  8
0
100
AcDbLine
 10
114.884224606058
 20
-158.7158782679977
 30
0.0
 11
104.884224606058
 21
-158.7158782679977
 31
0.0
  0
LINE
  5
106A3
330
1072D
100
AcDbEntity
  8
0
100
AcDbLine
 10
118.832199815804
 20
-144.0971791250532
 30
0.0
 11
118.832199815804
 21
-154.0971791250532
 31
0.0
  0
LINE
  5
1021C
330
1072D
100
AcDbEntity
  8
Shape
100
AcDbLine
 10
123.7492996793917
 20
-164.4230671395971
 30
0.0
 11
123.5754996793917
 21
-164.3420671395971
 31
0.0
  0
LINE
  5
10238
330
1072D
100
AcDbEntity
  8
Shape012
100
AcDbLine
 10
98.06117916545827
 20
-168.3019807747143
 30
0.0
 11
98.16327916545828
 21
-168.0819807747143
 31
0.0
  0
LINE
  5
10475
330
1072D
100
AcDbEntity
  8
0
100
AcDbLine
 10
113.271149254857
 20
-113.8918666773295
 30
0.0
 11
113.271149254857
 21
-113.3918666773295
 31
0.0
  0
LINE
  5
1064F
330
1072D
100
AcDbEntity
  8
0
100
AcDbLine
 10
99.32317404511103
 20
-118.510565820274
 30
0.0
 11
98.82317404511103
 21
-118.510565820274
 31
0.0
  0
LINE
  5
1066B
330
1072D
100
AcDbEntity
  8
0
100
AcDbLine
 10
103.9418731880555
 20
-132.4585410300199
 30
0.0
 11
103.9418731880555
 21
-132.9585410300199
 31
0.0
  0
LINE
  5
10687
330
1072D
100
AcDbEntity
  8
0
100
AcDbLine
 10
117.8898483978015
 20
-127.8398418870754
 30
0.0
 11
118.3898483978015
 21
-127.8398418870754
 31
0.0
  0
LINE
  5
106A4
330
1072D
100
AcDbEntity
  8
0
100
AcDbLine
 10
114.2135006728595
 20
-140.1492039153073
 30
0.0
 11
114.2135006728595
 21
-139.6492039153073
 31
0.0
  0
LINE
  5
106A5
330
1072D
100
AcDbEntity
  8
0
100
AcDbLine
 10
100.2655254631135
 20
-144.7679030582518
 30
0.0
 11
99.7655254631135
 21
-144.7679030582518
 31
0.0
  0
LINE
  5
106A6
330
1072D
100
AcDbEntity
  8
0
100
AcDbLine
 10
104.884224606058
 20
-158.7158782679977
 30
0.0
 11
104.884224606058
 21
-159.2158782679977
 31
0.0
  0
LINE
  5
106A7
330
1072D
100
AcDbEntity
  8
0
100
AcDbLine
 10
118.832199815804
 20
-154.0971791250532
 30
0.0
 11
119.332199815804
 21
-154.0971791250532
 31
0.0
  0
LINE
  5
1021D
330
1072D
100
AcDbEntity
  8
Shape
100
AcDbLine
 10
123.7854424066644
 20
-164.4890671395971
 30
0.0
 11
123.4183996793917
 21
-164.2320671395971
 31
0.0
  0
LINE
  5
10239
330
1072D
100
AcDbEntity
  8
Shape012
100
AcDbLine
 10
98.16327916545828
 20
-168.0819807747143
 30
0.0
 11
98.29997916545824
 21
-167.8816807747143
 31
0.0
  0
LINE
  5
10476
330
1072D
100
AcDbEntity
  8
0
100
AcDbLine
 10
113.271149254857
 20
-113.3918666773295
 30
0.0
 11
103.271149254857
 21
-113.3918666773295
 31
0.0
  0
LINE
  5
1065A
330
1072D
100
AcDbEntity
  8
0
100
AcDbLine
 10
98.82317404511103
 20
-118.510565820274
 30
0.0
 11
98.82317404511103
 21
-128.5105658202739
 31
0.0
  0
LINE
  5
10676
330
1072D
100
AcDbEntity
  8
0
100
AcDbLine
 10
103.9418731880555
 20
-132.9585410300199
 30
0.0
 11
113.9418731880555
 21
-132.9585410300199
 31
0.0
  0
LINE
  5
10692
330
1072D
100
AcDbEntity
  8
0
100
AcDbLine
 10
118.3898483978015
 20
-127.8398418870754
 30
0.0
 11
118.3898483978015
 21
-117.8398418870754
 31
0.0
  0
LINE
  5
106A8
330
1072D
100
AcDbEntity
  8
0
100
AcDbLine
 10
114.2135006728595
 20
-139.6492039153073
 30
0.0
 11
104.2135006728595
 21
-139.6492039153073
 31
0.0
  0
LINE
  5
106A9
330
1072D
100
AcDbEntity
  8
0
100
AcDbLine
 10
99.7655254631135
 20
-144.7679030582518
 30
0.0
 11
99.7655254631135
 21
-154.7679030582518
 31
0.0
  0
LINE
  5
106AA
330
1072D
100
AcDbEntity
  8
0
100
AcDbLine
 10
104.884224606058
 20
-159.2158782679977
 30
0.0
 11
114.884224606058
 21
-159.2158782679977
 31
0.0
  0
LINE
  5
106AB
330
1072D
100
AcDbEntity
  8
0
100
AcDbLine
 10
119.332199815804
 20
-154.0971791250532
 30
0.0
 11
119.332199815804
 21
-144.0971791250532
 31
0.0
  0
LINE
  5
1021E
330
1072D
100
AcDbEntity
  8
Shape
100
AcDbLine
 10
123.4183996793917
 20
-164.2320671395971
 30
0.0
 11
123.2828996793917
 21
-164.0960671395971
 31
0.0
  0
LINE
  5
1023A
330
1072D
100
AcDbEntity
  8
Shape012
100
AcDbLine
 10
98.29997916545824
 20
-167.8816807747143
 30
0.0
 11
98.46757916545826
 21
-167.7062807747143
 31
0.0
  0
LINE
  5
10477
330
1072D
100
AcDbEntity
  8
0
100
AcDbLine
 10
103.271149254857
 20
-113.3918666773295
 30
0.0
 11
103.271149254857
 21
-113.8918666773295
 31
0.0
  0
LINE
  5
10659
330
1072D
100
AcDbEntity
  8
0
100
AcDbLine
 10
98.82317404511103
 20
-128.5105658202739
 30
0.0
 11
99.32317404511103
 21
-128.5105658202739
 31
0.0
  0
LINE
  5
10675
330
1072D
100
AcDbEntity
  8
0
100
AcDbLine
 10
113.9418731880555
 20
-132.9585410300199
 30
0.0
 11
113.9418731880555
 21
-132.4585410300199
 31
0.0
  0
LINE
  5
10691
330
1072D
100
AcDbEntity
  8
0
100
AcDbLine
 10
118.3898483978015
 20
-117.8398418870754
 30
0.0
 11
117.8898483978015
 21
-117.8398418870754
 31
0.0
  0
LINE
  5
106AC
330
1072D
100
AcDbEntity
  8
0
100
AcDbLine
 10
104.2135006728595
 20
-139.6492039153073
 30
0.0
 11
104.2135006728595
 21
-140.1492039153073
 31
0.0
  0
LINE
  5
106AD
330
1072D
100
AcDbEntity
  8
0
100
AcDbLine
 10
99.7655254631135
 20
-154.7679030582518
 30
0.0
 11
100.2655254631135
 21
-154.7679030582518
 31
0.0
  0
LINE
  5
106AE
330
1072D
100
AcDbEntity
  8
0
100
AcDbLine
 10
114.884224606058
 20
-159.2158782679977
 30
0.0
 11
114.884224606058
 21
-158.7158782679977
 31
0.0
  0
LINE
  5
106AF
330
1072D
100
AcDbEntity
  8
0
100
AcDbLine
 10
119.332199815804
 20
-144.0971791250532
 30
0.0
 11
118.832199815804
 21
-144.0971791250532
 31
0.0
  0
LINE
  5
1021F
330
1072D
100
AcDbEntity
  8
Shape
100
AcDbLine
 10
123.2828996793917
 20
-164.0960671395971
 30
0.0
 11
123.1728996793917
 21
-163.9390671395971
 31
0.0
  0
LINE
  5
1023B
330
1072D
100
AcDbEntity
  8
Shape012
100
AcDbLine
 10
98.46757916545826
 20
-167.7062807747143
 30
0.0
 11
98.66147916545827
 21
-167.5606807747143
 31
0.0
  0
LINE
  5
10478
330
1072D
100
AcDbEntity
  8
0
100
AcDbLine
 10
100.271149254857
 20
-111.8918666773295
 30
0.0
 11
116.271149254857
 21
-111.8918666773295
 31
0.0
  0
LINE
  5
1065C
330
1072D
100
AcDbEntity
  8
0
100
AcDbLine
 10
97.32317404511103
 20
-131.5105658202739
 30
0.0
 11
97.32317404511103
 21
-115.510565820274
 31
0.0
  0
LINE
  5
10678
330
1072D
100
AcDbEntity
  8
0
100
AcDbLine
 10
116.9418731880555
 20
-134.4585410300199
 30
0.0
 11
100.9418731880555
 21
-134.4585410300199
 31
0.0
  0
LINE
  5
10694
330
1072D
100
AcDbEntity
  8
0
100
AcDbLine
 10
119.8898483978015
 20
-114.8398418870754
 30
0.0
 11
119.8898483978015
 21
-130.8398418870754
 31
0.0
  0
LINE
  5
106B0
330
1072D
100
AcDbEntity
  8
0
100
AcDbLine
 10
101.2135006728595
 20
-138.1492039153073
 30
0.0
 11
117.2135006728595
 21
-138.1492039153073
 31
0.0
  0
LINE
  5
106B1
330
1072D
100
AcDbEntity
  8
0
100
AcDbLine
 10
98.2655254631135
 20
-157.7679030582518
 30
0.0
 11
98.2655254631135
 21
-141.7679030582518
 31
0.0
  0
LINE
  5
106B2
330
1072D
100
AcDbEntity
  8
0
100
AcDbLine
 10
117.884224606058
 20
-160.7158782679977
 30
0.0
 11
101.884224606058
 21
-160.7158782679977
 31
0.0
  0
LINE
  5
106B3
330
1072D
100
AcDbEntity
  8
0
100
AcDbLine
 10
120.832199815804
 20
-141.0971791250532
 30
0.0
 11
120.832199815804
 21
-157.0971791250532
 31
0.0
  0
LINE
  5
10220
330
1072D
100
AcDbEntity
  8
Shape
100
AcDbLine
 10
123.1728996793917
 20
-163.9390671395971
 30
0.0
 11
123.0917996793917
 21
-163.7650671395971
 31
0.0
  0
LINE
  5
1023C
330
1072D
100
AcDbEntity
  8
Shape012
100
AcDbLine
 10
98.66147916545827
 20
-167.5606807747143
 30
0.0
 11
98.87657916545828
 21
-167.4486807747143
 31
0.0
  0
LINE
  5
10479
330
1072D
100
AcDbEntity
  8
0
100
AcDbLine
 10
116.271149254857
 20
-111.8918666773295
 30
0.0
 11
116.271149254857
 21
-111.3918666773295
 31
0.0
  0
LINE
  5
1065B
330
1072D
100
AcDbEntity
  8
0
100
AcDbLine
 10
97.32317404511103
 20
-115.510565820274
 30
0.0
 11
96.82317404511103
 21
-115.510565820274
 31
0.0
  0
LINE
  5
10677
330
1072D
100
AcDbEntity
  8
0
100
AcDbLine
 10
100.9418731880555
 20
-134.4585410300199
 30
0.0
 11
100.9418731880555
 21
-134.9585410300199
 31
0.0
  0
LINE
  5
10693
330
1072D
100
AcDbEntity
  8
0
100
AcDbLine
 10
119.8898483978015
 20
-130.8398418870754
 30
0.0
 11
120.3898483978015
 21
-130.8398418870754
 31
0.0
  0
LINE
  5
106B4
330
1072D
100
AcDbEntity
  8
0
100
AcDbLine
 10
117.2135006728595
 20
-138.1492039153073
 30
0.0
 11
117.2135006728595
 21
-137.6492039153073
 31
0.0
  0
LINE
  5
106B5
330
1072D
100
AcDbEntity
  8
0
100
AcDbLine
 10
98.2655254631135
 20
-141.7679030582518
 30
0.0
 11
97.7655254631135
 21
-141.7679030582518
 31
0.0
  0
LINE
  5
106B6
330
1072D
100
AcDbEntity
  8
0
100
AcDbLine
 10
101.884224606058
 20
-160.7158782679977
 30
0.0
 11
101.884224606058
 21
-161.2158782679977
 31
0.0
  0
LINE
  5
106B7
330
1072D
100
AcDbEntity
  8
0
100
AcDbLine
 10
120.832199815804
 20
-157.0971791250532
 30
0.0
 11
121.332199815804
 21
-157.0971791250532
 31
0.0
  0
LINE
  5
10221
330
1072D
100
AcDbEntity
  8
Shape
100
AcDbLine
 10
123.0917996793917
 20
-163.7650671395971
 30
0.0
 11
123.0421996793917
 21
-163.5800671395971
 31
0.0
  0
LINE
  5
1023D
330
1072D
100
AcDbEntity
  8
Shape012
100
AcDbLine
 10
98.87657916545828
 20
-167.4486807747143
 30
0.0
 11
99.10707916545826
 21
-167.3733807747143
 31
0.0
  0
LINE
  5
1047A
330
1072D
100
AcDbEntity
  8
0
100
AcDbLine
 10
116.271149254857
 20
-111.3918666773295
 30
0.0
 11
112.771149254857
 21
-111.3918666773295
 31
0.0
  0
LINE
  5
10656
330
1072D
100
AcDbEntity
  8
0
100
AcDbLine
 10
96.82317404511103
 20
-115.510565820274
 30
0.0
 11
96.82317404511103
 21
-119.010565820274
 31
0.0
  0
LINE
  5
10672
330
1072D
100
AcDbEntity
  8
0
100
AcDbLine
 10
100.9418731880555
 20
-134.9585410300199
 30
0.0
 11
104.4418731880555
 21
-134.9585410300199
 31
0.0
  0
LINE
  5
1068E
330
1072D
100
AcDbEntity
  8
0
100
AcDbLine
 10
120.3898483978015
 20
-130.8398418870754
 30
0.0
 11
120.3898483978015
 21
-127.3398418870754
 31
0.0
  0
LINE
  5
106B8
330
1072D
100
AcDbEntity
  8
0
100
AcDbLine
 10
117.2135006728595
 20
-137.6492039153073
 30
0.0
 11
113.7135006728595
 21
-137.6492039153073
 31
0.0
  0
LINE
  5
106B9
330
1072D
100
AcDbEntity
  8
0
100
AcDbLine
 10
97.7655254631135
 20
-141.7679030582518
 30
0.0
 11
97.7655254631135
 21
-145.2679030582518
 31
0.0
  0
LINE
  5
106BA
330
1072D
100
AcDbEntity
  8
0
100
AcDbLine
 10
101.884224606058
 20
-161.2158782679977
 30
0.0
 11
105.384224606058
 21
-161.2158782679977
 31
0.0
  0
LINE
  5
106BB
330
1072D
100
AcDbEntity
  8
0
100
AcDbLine
 10
121.332199815804
 20
-157.0971791250532
 30
0.0
 11
121.332199815804
 21
-153.5971791250532
 31
0.0
  0
LINE
  5
10222
330
1072D
100
AcDbEntity
  8
Shape
100
AcDbLine
 10
123.0421996793917
 20
-163.5800671395971
 30
0.0
 11
123.0254996793917
 21
-163.3890671395971
 31
0.0
  0
LINE
  5
1023E
330
1072D
100
AcDbEntity
  8
Shape012
100
AcDbLine
 10
99.10707916545826
 20
-167.3733807747143
 30
0.0
 11
99.34687916545826
 21
-167.3366807747143
 31
0.0
  0
LINE
  5
1047B
330
1072D
100
AcDbEntity
  8
0
100
AcDbLine
 10
100.271149254857
 20
-111.3918666773295
 30
0.0
 11
100.271149254857
 21
-111.8918666773295
 31
0.0
  0
LINE
  5
10655
330
1072D
100
AcDbEntity
  8
0
100
AcDbLine
 10
96.82317404511103
 20
-131.5105658202739
 30
0.0
 11
97.32317404511103
 21
-131.5105658202739
 31
0.0
  0
LINE
  5
10671
330
1072D
100
AcDbEntity
  8
0
100
AcDbLine
 10
116.9418731880555
 20
-134.9585410300199
 30
0.0
 11
116.9418731880555
 21
-134.4585410300199
 31
0.0
  0
LINE
  5
1068D
330
1072D
100
AcDbEntity
  8
0
100
AcDbLine
 10
120.3898483978015
 20
-114.8398418870754
 30
0.0
 11
119.8898483978015
 21
-114.8398418870754
 31
0.0
  0
LINE
  5
106BC
330
1072D
100
AcDbEntity
  8
0
100
AcDbLine
 10
101.2135006728595
 20
-137.6492039153073
 30
0.0
 11
101.2135006728595
 21
-138.1492039153073
 31
0.0
  0
LINE
  5
106BD
330
1072D
100
AcDbEntity
  8
0
100
AcDbLine
 10
97.7655254631135
 20
-157.7679030582518
 30
0.0
 11
98.2655254631135
 21
-157.7679030582518
 31
0.0
  0
LINE
  5
106BE
330
1072D
100
AcDbEntity
  8
0
100
AcDbLine
 10
117.884224606058
 20
-161.2158782679977
 30
0.0
 11
117.884224606058
 21
-160.7158782679977
 31
0.0
  0
LINE
  5
106BF
330
1072D
100
AcDbEntity
  8
0
100
AcDbLine
 10
121.332199815804
 20
-141.0971791250532
 30
0.0
 11
120.832199815804
 21
-141.0971791250532
 31
0.0
  0
LINE
  5
10223
330
1072D
100
AcDbEntity
  8
Shape
100
AcDbLine
 10
123.0254996793917
 20
-163.3890671395971
 30
0.0
 11
123.0254996793917
 21
-111.2706671395971
 31
0.0
  0
LINE
  5
1023F
330
1072D
100
AcDbEntity
  8
Shape012
100
AcDbLine
 10
99.34687916545826
 20
-167.3366807747143
 30
0.0
 11
99.58937916545824
 21
-167.3396807747143
 31
0.0
  0
ARC
  5
1047C
330
1072D
100
AcDbEntity
  8
0
100
AcDbCircle
 10
105.271149254857
 20
-115.6418666773295
 30
0.0
 40
1.0
100
AcDbArc
 50
90.0
 51
270.0
  0
ARC
  5
10658
330
1072D
100
AcDbEntity
  8
0
100
AcDbCircle
 10
101.073174045111
 20
-126.510565820274
 30
0.0
 40
1.0
100
AcDbArc
 50
180.0
 51
0.0
  0
ARC
  5
10674
330
1072D
100
AcDbEntity
  8
0
100
AcDbCircle
 10
111.9418731880555
 20
-130.7085410300199
 30
0.0
 40
1.0
100
AcDbArc
 50
270.0
 51
90.0
  0
ARC
  5
10690
330
1072D
100
AcDbEntity
  8
0
100
AcDbCircle
 10
116.1398483978015
 20
-119.8398418870754
 30
0.0
 40
1.0
100
AcDbArc
 50
0.0
 51
180.0
  0
ARC
  5
106C0
330
1072D
100
AcDbEntity
  8
0
100
AcDbCircle
 10
106.2135006728595
 20
-141.8992039153073
 30
0.0
 40
1.0
100
AcDbArc
 50
90.0
 51
270.0
  0
ARC
  5
106C1
330
1072D
100
AcDbEntity
  8
0
100
AcDbCircle
 10
102.0155254631135
 20
-152.7679030582518
 30
0.0
 40
1.0
100
AcDbArc
 50
180.0
 51
0.0
  0
ARC
  5
106C2
330
1072D
100
AcDbEntity
  8
0
100
AcDbCircle
 10
112.884224606058
 20
-156.9658782679977
 30
0.0
 40
1.0
100
AcDbArc
 50
270.0
 51
90.0
  0
ARC
  5
106C3
330
1072D
100
AcDbEntity
  8
0
100
AcDbCircle
 10
117.082199815804
 20
-146.0971791250532
 30
0.0
 40
1.0
100
AcDbArc
 50
0.0
 51
180.0
  0
LINE
  5
10224
330
1072D
100
AcDbEntity
  8
Shape
100
AcDbLine
 10
123.0254996793917
 20
-111.2706671395971
 30
0.0
 11
123.0421996793917
 21
-111.0796671395971
 31
0.0
  0
LINE
  5
10240
330
1072D
100
AcDbEntity
  8
Shape012
100
AcDbLine
 10
99.58937916545824
 20
-167.3396807747143
 30
0.0
 11
99.82807916545826
 21
-167.3821807747142
 31
0.0
  0
ARC
  5
1047D
330
1072D
100
AcDbEntity
  8
0
100
AcDbCircle
 10
111.271149254857
 20
-115.6418666773295
 30
0.0
 40
1.0
100
AcDbArc
 50
270.0
 51
90.0
  0
ARC
  5
10657
330
1072D
100
AcDbEntity
  8
0
100
AcDbCircle
 10
101.073174045111
 20
-120.510565820274
 30
0.0
 40
1.0
100
AcDbArc
 50
0.0
 51
180.0
  0
ARC
  5
10673
330
1072D
100
AcDbEntity
  8
0
100
AcDbCircle
 10
105.9418731880555
 20
-130.7085410300199
 30
0.0
 40
1.0
100
AcDbArc
 50
90.0
 51
270.0
  0
ARC
  5
1068F
330
1072D
100
AcDbEntity
  8
0
100
AcDbCircle
 10
116.1398483978015
 20
-125.8398418870754
 30
0.0
 40
1.0
100
AcDbArc
 50
180.0
 51
0.0
  0
ARC
  5
106C4
330
1072D
100
AcDbEntity
  8
0
100
AcDbCircle
 10
112.2135006728595
 20
-141.8992039153073
 30
0.0
 40
1.0
100
AcDbArc
 50
270.0
 51
90.0
  0
ARC
  5
106C5
330
1072D
100
AcDbEntity
  8
0
100
AcDbCircle
 10
102.0155254631135
 20
-146.7679030582518
 30
0.0
 40
1.0
100
AcDbArc
 50
0.0
 51
180.0
  0
ARC
  5
106C6
330
1072D
100
AcDbEntity
  8
0
100
AcDbCircle
 10
106.884224606058
 20
-156.9658782679977
 30
0.0
 40
1.0
100
AcDbArc
 50
90.0
 51
270.0
  0
ARC
  5
106C7
330
1072D
100
AcDbEntity
  8
0
100
AcDbCircle
 10
117.082199815804
 20
-152.0971791250532
 30
0.0
 40
1.0
100
AcDbArc
 50
180.0
 51
0.0
  0
LINE
  5
10225
330
1072D
100
AcDbEntity
  8
Shape
100
AcDbLine
 10
123.0421996793917
 20
-111.0796671395971
 30
0.0
 11
123.0917996793917
 21
-110.8944671395971
 31
0.0
  0
LINE
  5
10241
330
1072D
100
AcDbEntity
  8
Shape012
100
AcDbLine
 10
99.82807916545826
 20
-167.3821807747142
 30
0.0
 11
100.0570791654583
 21
-167.4631807747143
 31
0.0
  0
LINE
  5
1047E
330
1072D
100
AcDbEntity
  8
0
100
AcDbLine
 10
105.271149254857
 20
-116.6418666773295
 30
0.0
 11
111.271149254857
 21
-116.6418666773295
 31
0.0
  0
LINE
  5
10662
330
1072D
100
AcDbEntity
  8
0
100
AcDbLine
 10
102.073174045111
 20
-126.510565820274
 30
0.0
 11
102.073174045111
 21
-120.510565820274
 31
0.0
  0
LINE
  5
1067E
330
1072D
100
AcDbEntity
  8
0
100
AcDbLine
 10
111.9418731880555
 20
-129.7085410300199
 30
0.0
 11
105.9418731880555
 21
-129.7085410300199
 31
0.0
  0
LINE
  5
1069A
330
1072D
100
AcDbEntity
  8
0
100
AcDbLine
 10
115.1398483978015
 20
-119.8398418870754
 30
0.0
 11
115.1398483978015
 21
-125.8398418870754
 31
0.0
  0
LINE
  5
106C8
330
1072D
100
AcDbEntity
  8
0
100
AcDbLine
 10
106.2135006728595
 20
-142.8992039153073
 30
0.0
 11
112.2135006728595
 21
-142.8992039153073
 31
0.0
  0
LINE
  5
106C9
330
1072D
100
AcDbEntity
  8
0
100
AcDbLine
 10
103.0155254631135
 20
-152.7679030582518
 30
0.0
 11
103.0155254631135
 21
-146.7679030582518
 31
0.0
  0
LINE
  5
106CA
330
1072D
100
AcDbEntity
  8
0
100
AcDbLine
 10
112.884224606058
 20
-155.9658782679977
 30
0.0
 11
106.884224606058
 21
-155.9658782679977
 31
0.0
  0
LINE
  5
106CB
330
1072D
100
AcDbEntity
  8
0
100
AcDbLine
 10
116.082199815804
 20
-146.0971791250532
 30
0.0
 11
116.082199815804
 21
-152.0971791250532
 31
0.0
  0
LINE
  5
10226
330
1072D
100
AcDbEntity
  8
Shape
100
AcDbLine
 10
123.0917996793917
 20
-110.8944671395971
 30
0.0
 11
123.429545249012
 21
-110.1706671395971
 31
0.0
  0
LINE
  5
10242
330
1072D
100
AcDbEntity
  8
Shape012
100
AcDbLine
 10
100.0570791654583
 20
-167.4631807747143
 30
0.0
 11
100.2690791654583
 21
-167.5803807747143
 31
0.0
  0
LINE
  5
1047F
330
1072D
100
AcDbEntity
  8
0
100
AcDbLine
 10
105.271149254857
 20
-114.6418666773295
 30
0.0
 11
111.271149254857
 21
-114.6418666773295
 31
0.0
  0
LINE
  5
10661
330
1072D
100
AcDbEntity
  8
0
100
AcDbLine
 10
100.073174045111
 20
-126.510565820274
 30
0.0
 11
100.073174045111
 21
-120.510565820274
 31
0.0
  0
LINE
  5
1067D
330
1072D
100
AcDbEntity
  8
0
100
AcDbLine
 10
111.9418731880555
 20
-131.7085410300199
 30
0.0
 11
105.9418731880555
 21
-131.7085410300199
 31
0.0
  0
LINE
  5
10699
330
1072D
100
AcDbEntity
  8
0
100
AcDbLine
 10
117.1398483978015
 20
-119.8398418870754
 30
0.0
 11
117.1398483978015
 21
-125.8398418870754
 31
0.0
  0
LINE
  5
106CC
330
1072D
100
AcDbEntity
  8
0
100
AcDbLine
 10
106.2135006728595
 20
-140.8992039153073
 30
0.0
 11
112.2135006728595
 21
-140.8992039153073
 31
0.0
  0
LINE
  5
106CD
330
1072D
100
AcDbEntity
  8
0
100
AcDbLine
 10
101.0155254631135
 20
-152.7679030582518
 30
0.0
 11
101.0155254631135
 21
-146.7679030582518
 31
0.0
  0
LINE
  5
106CE
330
1072D
100
AcDbEntity
  8
0
100
AcDbLine
 10
112.884224606058
 20
-157.9658782679977
 30
0.0
 11
106.884224606058
 21
-157.9658782679977
 31
0.0
  0
LINE
  5
106CF
330
1072D
100
AcDbEntity
  8
0
100
AcDbLine
 10
118.082199815804
 20
-146.0971791250532
 30
0.0
 11
118.082199815804
 21
-152.0971791250532
 31
0.0
  0
LINE
  5
10227
330
1072D
100
AcDbEntity
  8
Shape
100
AcDbLine
 10
123.1728996793917
 20
-110.7206671395971
 30
0.0
 11
123.2828996793917
 21
-110.5635671395971
 31
0.0
  0
LINE
  5
10243
330
1072D
100
AcDbEntity
  8
Shape012
100
AcDbLine
 10
100.2690791654583
 20
-167.5803807747143
 30
0.0
 11
100.4590791654583
 21
-167.7306807747142
 31
0.0
  0
LINE
  5
10228
330
1072D
100
AcDbEntity
  8
Shape
100
AcDbLine
 10
123.2828996793917
 20
-110.5635671395971
 30
0.0
 11
123.4183996793917
 21
-110.4280671395971
 31
0.0
  0
LINE
  5
10244
330
1072D
100
AcDbEntity
  8
Shape012
100
AcDbLine
 10
100.4590791654583
 20
-167.7306807747142
 30
0.0
 11
100.6230791654583
 21
-167.9099807747143
 31
0.0
  0
LINE
  5
10229
330
1072D
100
AcDbEntity
  8
Shape
100
AcDbLine
 10
123.4183996793917
 20
-110.4280671395971
 30
0.0
 11
123.7860136793918
 21
-110.1706671395971
 31
0.0
  0
LINE
  5
10245
330
1072D
100
AcDbEntity
  8
Shape012
100
AcDbLine
 10
100.6230791654583
 20
-167.9099807747143
 30
0.0
 11
100.7540791654583
 21
-168.1136807747143
 31
0.0
  0
LINE
  5
1022A
330
1072D
100
AcDbEntity
  8
Shape
100
AcDbLine
 10
123.5754996793917
 20
-110.3180671395971
 30
0.0
 11
123.8913827866667
 21
-110.1706671395971
 31
0.0
  0
LINE
  5
10246
330
1072D
100
AcDbEntity
  8
Shape012
100
AcDbLine
 10
100.7540791654583
 20
-168.1136807747143
 30
0.0
 11
100.8510791654583
 21
-168.3360807747142
 31
0.0
  0
LINE
  5
1022B
330
1072D
100
AcDbEntity
  8
Shape
100
AcDbLine
 10
123.7492996793917
 20
-110.2369671395971
 30
0.0
 11
123.9344996793917
 21
-110.1873671395971
 31
0.0
  0
LINE
  5
10247
330
1072D
100
AcDbEntity
  8
Shape012
100
AcDbLine
 10
100.8510791654583
 20
-168.3360807747142
 30
0.0
 11
100.9100791654583
 21
-168.5712807747143
 31
0.0
  0
LINE
  5
1022C
330
1072D
100
AcDbEntity
  8
Shape
100
AcDbLine
 10
123.9344996793917
 20
-110.1873671395971
 30
0.0
 11
124.1254996793917
 21
-110.1706671395971
 31
0.0
  0
LINE
  5
10248
330
1072D
100
AcDbEntity
  8
Shape012
100
AcDbLine
 10
100.9100791654583
 20
-168.5712807747143
 30
0.0
 11
100.9300791654583
 21
-168.8129807747142
 31
0.0
  0
LINE
  5
1022D
330
1072D
100
AcDbEntity
  8
Shape
100
AcDbLine
 10
123.429545249012
 20
-110.1706671395971
 30
0.0
 11
199.8204996793917
 21
-110.1706671395971
 31
0.0
  0
LINE
  5
10249
330
1072D
100
AcDbEntity
  8
Shape012
100
AcDbLine
 10
100.9300791654583
 20
-168.8129807747142
 30
0.0
 11
100.9280791654583
 21
-168.8852807747143
 31
0.0
  0
LINE
  5
1022E
330
1072D
100
AcDbEntity
  8
Shape
100
AcDbLine
 10
199.8204996793917
 20
-164.4890671395971
 30
0.0
 11
123.7854424066644
 21
-164.4890671395971
 31
0.0
  0
LINE
  5
1024A
330
1072D
100
AcDbEntity
  8
Shape012
100
AcDbLine
 10
100.9280791654583
 20
-168.8852807747143
 30
0.0
 11
100.8960791654583
 21
-169.1256807747143
 31
0.0
  0
LINE
  5
1022F
330
1072D
100
AcDbEntity
  8
Shape
100
AcDbLine
 10
124.1254996793917
 20
-164.4890671395971
 30
0.0
 11
123.9344996793917
 21
-164.4720671395971
 31
0.0
  0
LINE
  5
1024B
330
1072D
100
AcDbEntity
  8
Shape012
100
AcDbLine
 10
100.8960791654583
 20
-169.1256807747143
 30
0.0
 11
100.8260791654583
 21
-169.3577807747143
 31
0.0
  0
CIRCLE
  5
10230
330
1072D
100
AcDbEntity
  8
0
100
AcDbCircle
 10
194.1624996793917
 20
-155.2960671395971
 30
0.0
 40
2.5
  0
LINE
  5
1024C
330
1072D
100
AcDbEntity
  8
Shape012
100
AcDbLine
 10
100.8260791654583
 20
-169.3577807747143
 30
0.0
 11
100.7190791654583
 21
-169.5751807747143
 31
0.0
  0
CIRCLE
  5
10231
330
1072D
100
AcDbEntity
  8
0
100
AcDbCircle
 10
194.1624996793917
 20
-120.2960671395971
 30
0.0
 40
2.5
  0
LINE
  5
1024D
330
1072D
100
AcDbEntity
  8
Shape012
100
AcDbLine
 10
100.7190791654583
 20
-169.5751807747143
 30
0.0
 11
100.5770791654583
 21
-169.7721807747143
 31
0.0
  0
LINE
  5
10232
330
1072D
100
AcDbEntity
  8
0
100
AcDbLine
 10
199.8204996793917
 20
-164.4890671395971
 30
0.0
 11
199.8204996793917
 21
-110.1706671395971
 31
0.0
  0
LINE
  5
1024E
330
1072D
100
AcDbEntity
  8
Shape012
100
AcDbLine
 10
100.5770791654583
 20
-169.7721807747143
 30
0.0
 11
100.4050791654583
 21
-169.9432807747143
 31
0.0
  0
CIRCLE
  5
10233
330
1072D
100
AcDbEntity
  8
0
100
AcDbCircle
 10
125.9229996793917
 20
-112.8298671395971
 30
0.0
 40
1.5
  0
LINE
  5
1024F
330
1072D
100
AcDbEntity
  8
Shape012
100
AcDbLine
 10
100.4050791654583
 20
-169.9432807747143
 30
0.0
 11
100.2080791654583
 21
-170.0841807747142
 31
0.0
  0
CIRCLE
  5
10234
330
1072D
100
AcDbEntity
  8
0
100
AcDbCircle
 10
183.9229996793917
 20
-112.8298671395971
 30
0.0
 40
1.5
  0
LINE
  5
10250
330
1072D
100
AcDbEntity
  8
Shape012
100
AcDbLine
 10
100.2080791654583
 20
-170.0841807747142
 30
0.0
 11
99.99007916545827
 21
-170.1908807747143
 31
0.0
  0
CIRCLE
  5
10235
330
1072D
100
AcDbEntity
  8
0
100
AcDbCircle
 10
183.9229996793917
 20
-161.8298671395971
 30
0.0
 40
1.5
  0
LINE
  5
10251
330
1072D
100
AcDbEntity
  8
Shape012
100
AcDbLine
 10
99.99007916545827
 20
-170.1908807747143
 30
0.0
 11
99.75777916545826
 21
-170.2605807747142
 31
0.0
  0
CIRCLE
  5
10236
330
1072D
100
AcDbEntity
  8
0
100
AcDbCircle
 10
125.9229996793917
 20
-161.8298671395971
 30
0.0
 40
1.5
  0
LINE
  5
10252
330
1072D
100
AcDbEntity
  8
Shape012
100
AcDbLine
 10
99.75777916545826
 20
-170.2605807747142
 30
0.0
 11
99.51717916545826
 21
-170.2913807747142
 31
0.0
  0
LINE
  5
10253
330
1072D
100
AcDbEntity
  8
Shape012
100
AcDbLine
 10
99.51717916545826
 20
-170.2913807747142
 30
0.0
 11
99.27487916545826
 21
-170.2824807747143
 31
0.0
  0
LINE
  5
10254
330
1072D
100
AcDbEntity
  8
Shape012
100
AcDbLine
 10
99.27487916545826
 20
-170.2824807747143
 30
0.0
 11
99.03717916545827
 21
-170.2340807747142
 31
0.0
  0
LINE
  5
10255
330
1072D
100
AcDbEntity
  8
Shape012
100
AcDbLine
 10
99.03717916545827
 20
-170.2340807747142
 30
0.0
 11
98.81067916545825
 21
-170.1475807747142
 31
0.0
  0
LINE
  5
10480
330
1072D
100
AcDbEntity
  8
0
100
AcDbLine
 10
100.271149254857
 20
-111.3918666773295
 30
0.0
 11
103.771149254857
 21
-111.3918666773295
 31
0.0
  0
LINE
  5
10664
330
1072D
100
AcDbEntity
  8
0
100
AcDbLine
 10
96.82317404511103
 20
-131.5105658202739
 30
0.0
 11
96.82317404511103
 21
-128.0105658202739
 31
0.0
  0
LINE
  5
10680
330
1072D
100
AcDbEntity
  8
0
100
AcDbLine
 10
116.9418731880555
 20
-134.9585410300199
 30
0.0
 11
113.4418731880555
 21
-134.9585410300199
 31
0.0
  0
LINE
  5
1069C
330
1072D
100
AcDbEntity
  8
0
100
AcDbLine
 10
120.3898483978015
 20
-114.8398418870754
 30
0.0
 11
120.3898483978015
 21
-118.3398418870754
 31
0.0
  0
LINE
  5
106D0
330
1072D
100
AcDbEntity
  8
0
100
AcDbLine
 10
101.2135006728595
 20
-137.6492039153073
 30
0.0
 11
104.7135006728595
 21
-137.6492039153073
 31
0.0
  0
LINE
  5
106D1
330
1072D
100
AcDbEntity
  8
0
100
AcDbLine
 10
97.7655254631135
 20
-157.7679030582518
 30
0.0
 11
97.7655254631135
 21
-154.2679030582518
 31
0.0
  0
LINE
  5
106D2
330
1072D
100
AcDbEntity
  8
0
100
AcDbLine
 10
117.884224606058
 20
-161.2158782679977
 30
0.0
 11
114.384224606058
 21
-161.2158782679977
 31
0.0
  0
LINE
  5
106D3
330
1072D
100
AcDbEntity
  8
0
100
AcDbLine
 10
121.332199815804
 20
-141.0971791250532
 30
0.0
 11
121.332199815804
 21
-144.5971791250532
 31
0.0
  0
LINE
  5
10256
330
1072D
100
AcDbEntity
  8
Shape012
100
AcDbLine
 10
98.81067916545825
 20
-170.1475807747142
 30
0.0
 11
98.60127916545827
 21
-170.0252807747142
 31
0.0
  0
LINE
  5
10257
330
1072D
100
AcDbEntity
  8
Shape012
100
AcDbLine
 10
98.60127916545827
 20
-170.0252807747142
 30
0.0
 11
98.41467916545827
 21
-169.8702807747143
 31
0.0
  0
LINE
  5
10481
330
1072D
100
AcDbEntity
  8
0
100
AcDbLine
 10
100.271149254857
 20
-110.3918666773295
 30
0.0
 11
103.771149254857
 21
-110.3918666773295
 31
0.0
  0
LINE
  5
10663
330
1072D
100
AcDbEntity
  8
0
100
AcDbLine
 10
95.82317404511103
 20
-131.5105658202739
 30
0.0
 11
95.82317404511103
 21
-128.0105658202739
 31
0.0
  0
LINE
  5
1067F
330
1072D
100
AcDbEntity
  8
0
100
AcDbLine
 10
116.9418731880555
 20
-135.9585410300199
 30
0.0
 11
113.4418731880555
 21
-135.9585410300199
 31
0.0
  0
LINE
  5
1069B
330
1072D
100
AcDbEntity
  8
0
100
AcDbLine
 10
121.3898483978015
 20
-114.8398418870754
 30
0.0
 11
121.3898483978015
 21
-118.3398418870754
 31
0.0
  0
LINE
  5
106D4
330
1072D
100
AcDbEntity
  8
0
100
AcDbLine
 10
101.2135006728595
 20
-136.6492039153073
 30
0.0
 11
104.7135006728595
 21
-136.6492039153073
 31
0.0
  0
LINE
  5
106D5
330
1072D
100
AcDbEntity
  8
0
100
AcDbLine
 10
96.7655254631135
 20
-157.7679030582518
 30
0.0
 11
96.7655254631135
 21
-154.2679030582518
 31
0.0
  0
LINE
  5
106D6
330
1072D
100
AcDbEntity
  8
0
100
AcDbLine
 10
117.884224606058
 20
-162.2158782679977
 30
0.0
 11
114.384224606058
 21
-162.2158782679977
 31
0.0
  0
LINE
  5
106D7
330
1072D
100
AcDbEntity
  8
0
100
AcDbLine
 10
122.332199815804
 20
-141.0971791250532
 30
0.0
 11
122.332199815804
 21
-144.5971791250532
 31
0.0
  0
LINE
  5
10258
330
1072D
100
AcDbEntity
  8
Shape012
100
AcDbLine
 10
98.41467916545827
 20
-169.8702807747143
 30
0.0
 11
98.25587916545825
 21
-169.6869807747142
 31
0.0
  0
LINE
  5
10259
330
1072D
100
AcDbEntity
  8
Shape012
100
AcDbLine
 10
98.25587916545825
 20
-169.6869807747142
 30
0.0
 11
98.12917916545825
 21
-169.4802807747143
 31
0.0
  0
LINE
  5
1025A
330
1072D
100
AcDbEntity
  8
Shape012
100
AcDbLine
 10
98.12917916545825
 20
-169.4802807747143
 30
0.0
 11
98.03787916545826
 21
-169.2555807747142
 31
0.0
  0
LINE
  5
10482
330
1072D
100
AcDbEntity
  8
0
100
AcDbLine
 10
105.271149254857
 20
-117.6418666773295
 30
0.0
 11
111.271149254857
 21
-117.6418666773295
 31
0.0
  0
LINE
  5
1065E
330
1072D
100
AcDbEntity
  8
0
100
AcDbLine
 10
103.073174045111
 20
-126.510565820274
 30
0.0
 11
103.073174045111
 21
-120.510565820274
 31
0.0
  0
LINE
  5
1067A
330
1072D
100
AcDbEntity
  8
0
100
AcDbLine
 10
111.9418731880555
 20
-128.7085410300199
 30
0.0
 11
105.9418731880555
 21
-128.7085410300199
 31
0.0
  0
LINE
  5
10696
330
1072D
100
AcDbEntity
  8
0
100
AcDbLine
 10
114.1398483978015
 20
-119.8398418870754
 30
0.0
 11
114.1398483978015
 21
-125.8398418870754
 31
0.0
  0
LINE
  5
106D8
330
1072D
100
AcDbEntity
  8
0
100
AcDbLine
 10
106.2135006728595
 20
-143.8992039153073
 30
0.0
 11
112.2135006728595
 21
-143.8992039153073
 31
0.0
  0
LINE
  5
106D9
330
1072D
100
AcDbEntity
  8
0
100
AcDbLine
 10
104.0155254631135
 20
-152.7679030582518
 30
0.0
 11
104.0155254631135
 21
-146.7679030582518
 31
0.0
  0
LINE
  5
106DA
330
1072D
100
AcDbEntity
  8
0
100
AcDbLine
 10
112.884224606058
 20
-154.9658782679977
 30
0.0
 11
106.884224606058
 21
-154.9658782679977
 31
0.0
  0
LINE
  5
106DB
330
1072D
100
AcDbEntity
  8
0
100
AcDbLine
 10
115.082199815804
 20
-146.0971791250532
 30
0.0
 11
115.082199815804
 21
-152.0971791250532
 31
0.0
  0
LINE
  5
1025B
330
1072D
100
AcDbEntity
  8
Shape012
100
AcDbLine
 10
98.03787916545826
 20
-169.2555807747142
 30
0.0
 11
97.98457916545826
 21
-169.0189807747143
 31
0.0
  0
LINE
  5
10483
330
1072D
100
AcDbEntity
  8
0
100
AcDbLine
 10
116.271149254857
 20
-110.3918666773295
 30
0.0
 11
112.771149254857
 21
-110.3918666773295
 31
0.0
  0
LINE
  5
1065D
330
1072D
100
AcDbEntity
  8
0
100
AcDbLine
 10
95.82317404511103
 20
-115.510565820274
 30
0.0
 11
95.82317404511103
 21
-119.010565820274
 31
0.0
  0
LINE
  5
10679
330
1072D
100
AcDbEntity
  8
0
100
AcDbLine
 10
100.9418731880555
 20
-135.9585410300199
 30
0.0
 11
104.4418731880555
 21
-135.9585410300199
 31
0.0
  0
LINE
  5
10695
330
1072D
100
AcDbEntity
  8
0
100
AcDbLine
 10
121.3898483978015
 20
-130.8398418870754
 30
0.0
 11
121.3898483978015
 21
-127.3398418870754
 31
0.0
  0
LINE
  5
106DC
330
1072D
100
AcDbEntity
  8
0
100
AcDbLine
 10
117.2135006728595
 20
-136.6492039153073
 30
0.0
 11
113.7135006728595
 21
-136.6492039153073
 31
0.0
  0
LINE
  5
106DD
330
1072D
100
AcDbEntity
  8
0
100
AcDbLine
 10
96.7655254631135
 20
-141.7679030582518
 30
0.0
 11
96.7655254631135
 21
-145.2679030582518
 31
0.0
  0
LINE
  5
106DE
330
1072D
100
AcDbEntity
  8
0
100
AcDbLine
 10
101.884224606058
 20
-162.2158782679977
 30
0.0
 11
105.384224606058
 21
-162.2158782679977
 31
0.0
  0
LINE
  5
106DF
330
1072D
100
AcDbEntity
  8
0
100
AcDbLine
 10
122.332199815804
 20
-157.0971791250532
 30
0.0
 11
122.332199815804
 21
-153.5971791250532
 31
0.0
  0
LINE
  5
1025C
330
1072D
100
AcDbEntity
  8
Shape012
100
AcDbLine
 10
97.98457916545826
 20
-169.0189807747143
 30
0.0
 11
97.97077916545825
 21
-168.7796807747143
 31
0.0
  0
LINE
  5
10484
330
1072D
100
AcDbEntity
  8
0
100
AcDbLine
 10
117.271149254857
 20
-111.5122496797983
 30
0.0
 11
117.271149254857
 21
-111.3918666773295
 31
0.0
  0
LINE
  5
10660
330
1072D
100
AcDbEntity
  8
0
100
AcDbLine
 10
96.94355704757989
 20
-114.510565820274
 30
0.0
 11
96.82317404511103
 21
-114.510565820274
 31
0.0
  0
LINE
  5
1067C
330
1072D
100
AcDbEntity
  8
0
100
AcDbLine
 10
99.94187318805552
 20
-134.8381580275511
 30
0.0
 11
99.94187318805552
 21
-134.9585410300199
 31
0.0
  0
LINE
  5
10698
330
1072D
100
AcDbEntity
  8
0
100
AcDbLine
 10
120.2694653953326
 20
-131.8398418870754
 30
0.0
 11
120.3898483978015
 21
-131.8398418870754
 31
0.0
  0
LINE
  5
106E0
330
1072D
100
AcDbEntity
  8
0
100
AcDbLine
 10
118.2135006728595
 20
-137.7695869177761
 30
0.0
 11
118.2135006728595
 21
-137.6492039153073
 31
0.0
  0
LINE
  5
106E1
330
1072D
100
AcDbEntity
  8
0
100
AcDbLine
 10
97.88590846558236
 20
-140.7679030582518
 30
0.0
 11
97.7655254631135
 21
-140.7679030582518
 31
0.0
  0
LINE
  5
106E2
330
1072D
100
AcDbEntity
  8
0
100
AcDbLine
 10
100.884224606058
 20
-161.0954952655289
 30
0.0
 11
100.884224606058
 21
-161.2158782679977
 31
0.0
  0
LINE
  5
106E3
330
1072D
100
AcDbEntity
  8
0
100
AcDbLine
 10
121.2118168133351
 20
-158.0971791250532
 30
0.0
 11
121.332199815804
 21
-158.0971791250532
 31
0.0
  0
LINE
  5
1025D
330
1072D
100
AcDbEntity
  8
Shape012
100
AcDbLine
 10
97.97077916545825
 20
-168.7796807747143
 30
0.0
 11
97.97057916545828
 21
-168.7767807747143
 31
0.0
  0
LINE
  5
10485
330
1072D
100
AcDbEntity
  8
0
100
AcDbLine
 10
99.271149254857
 20
-111.3918666773295
 30
0.0
 11
99.271149254857
 21
-111.5122496797983
 31
0.0
  0
LINE
  5
1065F
330
1072D
100
AcDbEntity
  8
0
100
AcDbLine
 10
96.82317404511103
 20
-132.5105658202739
 30
0.0
 11
96.94355704757989
 21
-132.5105658202739
 31
0.0
  0
LINE
  5
1067B
330
1072D
100
AcDbEntity
  8
0
100
AcDbLine
 10
117.9418731880555
 20
-134.9585410300199
 30
0.0
 11
117.9418731880555
 21
-134.8381580275511
 31
0.0
  0
LINE
  5
10697
330
1072D
100
AcDbEntity
  8
0
100
AcDbLine
 10
120.3898483978015
 20
-113.8398418870754
 30
0.0
 11
120.2694653953326
 21
-113.8398418870754
 31
0.0
  0
LINE
  5
106E4
330
1072D
100
AcDbEntity
  8
0
100
AcDbLine
 10
100.2135006728595
 20
-137.6492039153073
 30
0.0
 11
100.2135006728595
 21
-137.7695869177761
 31
0.0
  0
LINE
  5
106E5
330
1072D
100
AcDbEntity
  8
0
100
AcDbLine
 10
97.7655254631135
 20
-158.7679030582518
 30
0.0
 11
97.88590846558236
 21
-158.7679030582518
 31
0.0
  0
LINE
  5
106E6
330
1072D
100
AcDbEntity
  8
0
100
AcDbLine
 10
118.884224606058
 20
-161.2158782679977
 30
0.0
 11
118.884224606058
 21
-161.0954952655289
 31
0.0
  0
LINE
  5
106E7
330
1072D
100
AcDbEntity
  8
0
100
AcDbLine
 10
121.332199815804
 20
-140.0971791250532
 30
0.0
 11
121.2118168133351
 21
-140.0971791250532
 31
0.0
  0
LINE
  5
1025E
330
1072D
100
AcDbEntity
  8
Shape012
100
AcDbLine
 10
97.97057916545828
 20
-168.7767807747143
 30
0.0
 11
97.99637916545828
 21
-168.5356807747143
 31
0.0
  0
ARC
  5
10486
330
1072D
100
AcDbEntity
  8
0
100
AcDbCircle
 10
111.271149254857
 20
-115.6418666773295
 30
0.0
 40
2.0
100
AcDbArc
 50
270.0
 51
318.4247738210686
  0
ARC
  5
1064E
330
1072D
100
AcDbEntity
  8
0
100
AcDbCircle
 10
101.073174045111
 20
-120.510565820274
 30
0.0
 40
2.0
100
AcDbArc
 50
0.0
 51
48.42477382106859
  0
ARC
  5
1066A
330
1072D
100
AcDbEntity
  8
0
100
AcDbCircle
 10
105.9418731880555
 20
-130.7085410300199
 30
0.0
 40
2.0
100
AcDbArc
 50
90.0
 51
138.4247738210686
  0
ARC
  5
10686
330
1072D
100
AcDbEntity
  8
0
100
AcDbCircle
 10
116.1398483978015
 20
-125.8398418870754
 30
0.0
 40
2.0
100
AcDbArc
 50
180.0
 51
228.4247738210686
  0
ARC
  5
106E8
330
1072D
100
AcDbEntity
  8
0
100
AcDbCircle
 10
112.2135006728595
 20
-141.8992039153073
 30
0.0
 40
2.0
100
AcDbArc
 50
270.0
 51
318.4247738210686
  0
ARC
  5
106E9
330
1072D
100
AcDbEntity
  8
0
100
AcDbCircle
 10
102.0155254631135
 20
-146.7679030582518
 30
0.0
 40
2.0
100
AcDbArc
 50
0.0
 51
48.42477382106859
  0
ARC
  5
106EA
330
1072D
100
AcDbEntity
  8
0
100
AcDbCircle
 10
106.884224606058
 20
-156.9658782679977
 30
0.0
 40
2.0
100
AcDbArc
 50
90.0
 51
138.4247738210686
  0
ARC
  5
106EB
330
1072D
100
AcDbEntity
  8
0
100
AcDbCircle
 10
117.082199815804
 20
-152.0971791250532
 30
0.0
 40
2.0
100
AcDbArc
 50
180.0
 51
228.4247738210686
  0
LINE
  5
1025F
330
1072D
100
AcDbEntity
  8
Shape010
100
AcDbLine
 10
172.8960791654582
 20
-168.5356807747143
 30
0.0
 11
172.9610791654583
 21
-168.3019807747143
 31
0.0
  0
ARC
  5
10487
330
1072D
100
AcDbEntity
  8
0
100
AcDbCircle
 10
105.271149254857
 20
-115.6418666773295
 30
0.0
 40
2.0
100
AcDbArc
 50
221.5752261789314
 51
270.0
  0
ARC
  5
1064D
330
1072D
100
AcDbEntity
  8
0
100
AcDbCircle
 10
101.073174045111
 20
-126.510565820274
 30
0.0
 40
2.0
100
AcDbArc
 50
311.5752261789314
 51
0.0
  0
ARC
  5
10669
330
1072D
100
AcDbEntity
  8
0
100
AcDbCircle
 10
111.9418731880555
 20
-130.7085410300199
 30
0.0
 40
2.0
100
AcDbArc
 50
41.5752261789314
 51
90.0
  0
ARC
  5
10685
330
1072D
100
AcDbEntity
  8
0
100
AcDbCircle
 10
116.1398483978015
 20
-119.8398418870754
 30
0.0
 40
2.0
100
AcDbArc
 50
131.5752261789314
 51
180.0
  0
ARC
  5
106EC
330
1072D
100
AcDbEntity
  8
0
100
AcDbCircle
 10
106.2135006728595
 20
-141.8992039153073
 30
0.0
 40
2.0
100
AcDbArc
 50
221.5752261789314
 51
270.0
  0
ARC
  5
106ED
330
1072D
100
AcDbEntity
  8
0
100
AcDbCircle
 10
102.0155254631135
 20
-152.7679030582518
 30
0.0
 40
2.0
100
AcDbArc
 50
311.5752261789314
 51
0.0
  0
ARC
  5
106EE
330
1072D
100
AcDbEntity
  8
0
100
AcDbCircle
 10
112.884224606058
 20
-156.9658782679977
 30
0.0
 40
2.0
100
AcDbArc
 50
41.5752261789314
 51
90.0
  0
ARC
  5
106EF
330
1072D
100
AcDbEntity
  8
0
100
AcDbCircle
 10
117.082199815804
 20
-146.0971791250532
 30
0.0
 40
2.0
100
AcDbArc
 50
131.5752261789314
 51
180.0
  0
LINE
  5
10260
330
1072D
100
AcDbEntity
  8
Shape010
100
AcDbLine
 10
172.9610791654583
 20
-168.3019807747143
 30
0.0
 11
173.0630791654582
 21
-168.0819807747143
 31
0.0
  0
LINE
  5
10488
330
1072D
100
AcDbEntity
  8
0
100
AcDbLine
 10
99.52306416270349
 20
-112.1758524939106
 30
0.0
 11
103.77497907055
 21
-116.969072305554
 31
0.0
  0
LINE
  5
10652
330
1072D
100
AcDbEntity
  8
0
100
AcDbLine
 10
97.60715986169214
 20
-132.2586509124275
 30
0.0
 11
102.4003796733355
 21
-128.0067360045809
 31
0.0
  0
LINE
  5
1066E
330
1072D
100
AcDbEntity
  8
0
100
AcDbLine
 10
117.689958280209
 20
-134.1745552134388
 30
0.0
 11
113.4380433723625
 21
-129.3813354017954
 31
0.0
  0
LINE
  5
1068A
330
1072D
100
AcDbEntity
  8
0
100
AcDbLine
 10
119.6058625812204
 20
-114.0917567949219
 30
0.0
 11
114.812642769577
 21
-118.3436717027684
 31
0.0
  0
LINE
  5
106F0
330
1072D
100
AcDbEntity
  8
0
100
AcDbLine
 10
100.465415580706
 20
-138.4331897318884
 30
0.0
 11
104.7173304885525
 21
-143.2264095435318
 31
0.0
  0
LINE
  5
106F1
330
1072D
100
AcDbEntity
  8
0
100
AcDbLine
 10
98.54951127969461
 20
-158.5159881504053
 30
0.0
 11
103.342731091338
 21
-154.2640732425587
 31
0.0
  0
LINE
  5
106F2
330
1072D
100
AcDbEntity
  8
0
100
AcDbLine
 10
118.6323096982115
 20
-160.4318924514166
 30
0.0
 11
114.380394790365
 21
-155.6386726397732
 31
0.0
  0
LINE
  5
106F3
330
1072D
100
AcDbEntity
  8
0
100
AcDbLine
 10
120.5482139992229
 20
-140.3490940328997
 30
0.0
 11
115.7549941875795
 21
-144.6010089407463
 31
0.0
  0
LINE
  5
10261
330
1072D
100
AcDbEntity
  8
Shape010
100
AcDbLine
 10
173.0630791654582
 20
-168.0819807747143
 30
0.0
 11
173.2000791654582
 21
-167.8816807747143
 31
0.0
  0
LINE
  5
10489
330
1072D
100
AcDbEntity
  8
0
100
AcDbLine
 10
117.0192343470105
 20
-112.1758524939106
 30
0.0
 11
112.767319439164
 21
-116.969072305554
 31
0.0
  0
LINE
  5
10650
330
1072D
100
AcDbEntity
  8
0
100
AcDbLine
 10
97.60715986169214
 20
-114.7624807281205
 30
0.0
 11
102.4003796733355
 21
-119.014395635967
 31
0.0
  0
LINE
  5
1066C
330
1072D
100
AcDbEntity
  8
0
100
AcDbLine
 10
100.193788095902
 20
-134.1745552134388
 30
0.0
 11
104.4457030037485
 21
-129.3813354017954
 31
0.0
  0
LINE
  5
10688
330
1072D
100
AcDbEntity
  8
0
100
AcDbLine
 10
119.6058625812204
 20
-131.5879269792289
 30
0.0
 11
114.812642769577
 21
-127.3360120713824
 31
0.0
  0
LINE
  5
106F4
330
1072D
100
AcDbEntity
  8
0
100
AcDbLine
 10
117.961585765013
 20
-138.4331897318884
 30
0.0
 11
113.7096708571664
 21
-143.2264095435318
 31
0.0
  0
LINE
  5
106F5
330
1072D
100
AcDbEntity
  8
0
100
AcDbLine
 10
98.54951127969461
 20
-141.0198179660983
 30
0.0
 11
103.342731091338
 21
-145.2717328739448
 31
0.0
  0
LINE
  5
106F6
330
1072D
100
AcDbEntity
  8
0
100
AcDbLine
 10
101.1361395139045
 20
-160.4318924514166
 30
0.0
 11
105.388054421751
 21
-155.6386726397732
 31
0.0
  0
LINE
  5
106F7
330
1072D
100
AcDbEntity
  8
0
100
AcDbLine
 10
120.5482139992229
 20
-157.8452642172067
 30
0.0
 11
115.7549941875795
 21
-153.5933493093602
 31
0.0
  0
LINE
  5
10262
330
1072D
100
AcDbEntity
  8
Shape010
100
AcDbLine
 10
173.2000791654582
 20
-167.8816807747143
 30
0.0
 11
173.3670791654582
 21
-167.7062807747143
 31
0.0
  0
LINE
  5
1048A
330
1072D
100
AcDbEntity
  8
0
100
AcDbLine
 10
103.771149254857
 20
-111.3918666773295
 30
0.0
 11
103.771149254857
 21
-110.3918666773295
 31
0.0
  0
LINE
  5
10666
330
1072D
100
AcDbEntity
  8
0
100
AcDbLine
 10
96.82317404511103
 20
-128.0105658202739
 30
0.0
 11
95.82317404511103
 21
-128.0105658202739
 31
0.0
  0
LINE
  5
10682
330
1072D
100
AcDbEntity
  8
0
100
AcDbLine
 10
113.4418731880555
 20
-134.9585410300199
 30
0.0
 11
113.4418731880555
 21
-135.9585410300199
 31
0.0
  0
LINE
  5
1069E
330
1072D
100
AcDbEntity
  8
0
100
AcDbLine
 10
120.3898483978015
 20
-118.3398418870754
 30
0.0
 11
121.3898483978015
 21
-118.3398418870754
 31
0.0
  0
LINE
  5
106F8
330
1072D
100
AcDbEntity
  8
0
100
AcDbLine
 10
104.7135006728595
 20
-137.6492039153073
 30
0.0
 11
104.7135006728595
 21
-136.6492039153073
 31
0.0
  0
LINE
  5
106F9
330
1072D
100
AcDbEntity
  8
0
100
AcDbLine
 10
97.7655254631135
 20
-154.2679030582518
 30
0.0
 11
96.7655254631135
 21
-154.2679030582518
 31
0.0
  0
LINE
  5
106FA
330
1072D
100
AcDbEntity
  8
0
100
AcDbLine
 10
114.384224606058
 20
-161.2158782679977
 30
0.0
 11
114.384224606058
 21
-162.2158782679977
 31
0.0
  0
LINE
  5
106FB
330
1072D
100
AcDbEntity
  8
0
100
AcDbLine
 10
121.332199815804
 20
-144.5971791250532
 30
0.0
 11
122.332199815804
 21
-144.5971791250532
 31
0.0
  0
LINE
  5
10263
330
1072D
100
AcDbEntity
  8
Shape010
100
AcDbLine
 10
173.3670791654582
 20
-167.7062807747143
 30
0.0
 11
173.5610791654583
 21
-167.5606807747143
 31
0.0
  0
LINE
  5
1048B
330
1072D
100
AcDbEntity
  8
0
100
AcDbLine
 10
112.771149254857
 20
-111.3918666773295
 30
0.0
 11
112.771149254857
 21
-110.3918666773295
 31
0.0
  0
LINE
  5
10665
330
1072D
100
AcDbEntity
  8
0
100
AcDbLine
 10
96.82317404511103
 20
-119.010565820274
 30
0.0
 11
95.82317404511103
 21
-119.010565820274
 31
0.0
  0
LINE
  5
10681
330
1072D
100
AcDbEntity
  8
0
100
AcDbLine
 10
104.4418731880555
 20
-134.9585410300199
 30
0.0
 11
104.4418731880555
 21
-135.9585410300199
 31
0.0
  0
LINE
  5
1069D
330
1072D
100
AcDbEntity
  8
0
100
AcDbLine
 10
120.3898483978015
 20
-127.3398418870754
 30
0.0
 11
121.3898483978015
 21
-127.3398418870754
 31
0.0
  0
LINE
  5
106FC
330
1072D
100
AcDbEntity
  8
0
100
AcDbLine
 10
113.7135006728595
 20
-137.6492039153073
 30
0.0
 11
113.7135006728595
 21
-136.6492039153073
 31
0.0
  0
LINE
  5
106FD
330
1072D
100
AcDbEntity
  8
0
100
AcDbLine
 10
97.7655254631135
 20
-145.2679030582518
 30
0.0
 11
96.7655254631135
 21
-145.2679030582518
 31
0.0
  0
LINE
  5
106FE
330
1072D
100
AcDbEntity
  8
0
100
AcDbLine
 10
105.384224606058
 20
-161.2158782679977
 30
0.0
 11
105.384224606058
 21
-162.2158782679977
 31
0.0
  0
LINE
  5
106FF
330
1072D
100
AcDbEntity
  8
0
100
AcDbLine
 10
121.332199815804
 20
-153.5971791250532
 30
0.0
 11
122.332199815804
 21
-153.5971791250532
 31
0.0
  0
LINE
  5
10264
330
1072D
100
AcDbEntity
  8
Shape010
100
AcDbLine
 10
173.5610791654583
 20
-167.5606807747143
 30
0.0
 11
173.7770791654582
 21
-167.4486807747143
 31
0.0
  0
ARC
  5
1048C
330
1072D
100
AcDbEntity
  8
0
100
AcDbCircle
 10
116.271149254857
 20
-111.3918666773295
 30
0.0
 40
1.0
100
AcDbArc
 50
0.0
 51
90.0
  0
ARC
  5
1064C
330
1072D
100
AcDbEntity
  8
0
100
AcDbCircle
 10
96.82317404511103
 20
-115.510565820274
 30
0.0
 40
1.0
100
AcDbArc
 50
90.0
 51
180.0
  0
ARC
  5
10668
330
1072D
100
AcDbEntity
  8
0
100
AcDbCircle
 10
100.9418731880555
 20
-134.9585410300199
 30
0.0
 40
1.0
100
AcDbArc
 50
180.0
 51
270.0
  0
ARC
  5
10684
330
1072D
100
AcDbEntity
  8
0
100
AcDbCircle
 10
120.3898483978015
 20
-130.8398418870754
 30
0.0
 40
1.0
100
AcDbArc
 50
270.0
 51
0.0
  0
ARC
  5
10700
330
1072D
100
AcDbEntity
  8
0
100
AcDbCircle
 10
117.2135006728595
 20
-137.6492039153073
 30
0.0
 40
1.0
100
AcDbArc
 50
0.0
 51
90.0
  0
ARC
  5
10701
330
1072D
100
AcDbEntity
  8
0
100
AcDbCircle
 10
97.7655254631135
 20
-141.7679030582518
 30
0.0
 40
1.0
100
AcDbArc
 50
90.0
 51
180.0
  0
ARC
  5
10702
330
1072D
100
AcDbEntity
  8
0
100
AcDbCircle
 10
101.884224606058
 20
-161.2158782679977
 30
0.0
 40
1.0
100
AcDbArc
 50
180.0
 51
270.0
  0
ARC
  5
10703
330
1072D
100
AcDbEntity
  8
0
100
AcDbCircle
 10
121.332199815804
 20
-157.0971791250532
 30
0.0
 40
1.0
100
AcDbArc
 50
270.0
 51
0.0
  0
LINE
  5
10265
330
1072D
100
AcDbEntity
  8
Shape010
100
AcDbLine
 10
173.7770791654582
 20
-167.4486807747143
 30
0.0
 11
174.0070791654583
 21
-167.3733807747143
 31
0.0
  0
ARC
  5
1048D
330
1072D
100
AcDbEntity
  8
0
100
AcDbCircle
 10
100.271149254857
 20
-111.3918666773295
 30
0.0
 40
1.0
100
AcDbArc
 50
90.0
 51
180.0
1001
QCAD
1000
reversed:1
  0
ARC
  5
10667
330
1072D
100
AcDbEntity
  8
0
100
AcDbCircle
 10
96.82317404511103
 20
-131.5105658202739
 30
0.0
 40
1.0
100
AcDbArc
 50
180.0
 51
270.0
1001
QCAD
1000
reversed:1
  0
ARC
  5
10683
330
1072D
100
AcDbEntity
  8
0
100
AcDbCircle
 10
116.9418731880555
 20
-134.9585410300199
 30
0.0
 40
1.0
100
AcDbArc
 50
270.0
 51
0.0
1001
QCAD
1000
reversed:1
  0
ARC
  5
1069F
330
1072D
100
AcDbEntity
  8
0
100
AcDbCircle
 10
120.3898483978015
 20
-114.8398418870754
 30
0.0
 40
1.0
100
AcDbArc
 50
0.0
 51
90.0
1001
QCAD
1000
reversed:1
  0
ARC
  5
10704
330
1072D
100
AcDbEntity
  8
0
100
AcDbCircle
 10
101.2135006728595
 20
-137.6492039153073
 30
0.0
 40
1.0
100
AcDbArc
 50
90.0
 51
180.0
1001
QCAD
1000
reversed:1
  0
ARC
  5
10705
330
1072D
100
AcDbEntity
  8
0
100
AcDbCircle
 10
97.7655254631135
 20
-157.7679030582518
 30
0.0
 40
1.0
100
AcDbArc
 50
180.0
 51
270.0
1001
QCAD
1000
reversed:1
  0
ARC
  5
10706
330
1072D
100
AcDbEntity
  8
0
100
AcDbCircle
 10
117.884224606058
 20
-161.2158782679977
 30
0.0
 40
1.0
100
AcDbArc
 50
270.0
 51
0.0
1001
QCAD
1000
reversed:1
  0
ARC
  5
10707
330
1072D
100
AcDbEntity
  8
0
100
AcDbCircle
 10
121.332199815804
 20
-141.0971791250532
 30
0.0
 40
1.0
100
AcDbArc
 50
0.0
 51
90.0
1001
QCAD
1000
reversed:1
  0
LINE
  5
10266
330
1072D
100
AcDbEntity
  8
Shape010
100
AcDbLine
 10
174.0070791654583
 20
-167.3733807747143
 30
0.0
 11
174.2470791654583
 21
-167.3366807747143
 31
0.0
  0
ARC
  5
1048E
330
1072D
100
AcDbEntity
  8
0
100
AcDbCircle
 10
100.271149254857
 20
-111.5122496797983
 30
0.0
 40
1.0
100
AcDbArc
 50
180.0
 51
221.5752261789308
1001
QCAD
1000
reversed:1
  0
ARC
  5
10654
330
1072D
100
AcDbEntity
  8
0
100
AcDbCircle
 10
96.94355704757989
 20
-131.5105658202739
 30
0.0
 40
1.0
100
AcDbArc
 50
270.0
 51
311.5752261789308
1001
QCAD
1000
reversed:1
  0
ARC
  5
10670
330
1072D
100
AcDbEntity
  8
0
100
AcDbCircle
 10
116.9418731880555
 20
-134.8381580275511
 30
0.0
 40
1.0
100
AcDbArc
 50
0.0
 51
41.57522617893084
1001
QCAD
1000
reversed:1
  0
ARC
  5
1068C
330
1072D
100
AcDbEntity
  8
0
100
AcDbCircle
 10
120.2694653953326
 20
-114.8398418870754
 30
0.0
 40
1.0
100
AcDbArc
 50
90.0
 51
131.5752261789308
1001
QCAD
1000
reversed:1
  0
ARC
  5
10708
330
1072D
100
AcDbEntity
  8
0
100
AcDbCircle
 10
101.2135006728595
 20
-137.7695869177761
 30
0.0
 40
1.0
100
AcDbArc
 50
180.0
 51
221.5752261789308
1001
QCAD
1000
reversed:1
  0
ARC
  5
10709
330
1072D
100
AcDbEntity
  8
0
100
AcDbCircle
 10
97.88590846558236
 20
-157.7679030582518
 30
0.0
 40
1.0
100
AcDbArc
 50
270.0
 51
311.5752261789308
1001
QCAD
1000
reversed:1
  0
ARC
  5
1070A
330
1072D
100
AcDbEntity
  8
0
100
AcDbCircle
 10
117.884224606058
 20
-161.0954952655289
 30
0.0
 40
1.0
100
AcDbArc
 50
0.0
 51
41.57522617893084
1001
QCAD
1000
reversed:1
  0
ARC
  5
1070B
330
1072D
100
AcDbEntity
  8
0
100
AcDbCircle
 10
121.2118168133351
 20
-141.0971791250532
 30
0.0
 40
1.0
100
AcDbArc
 50
90.0
 51
131.5752261789308
1001
QCAD
1000
reversed:1
  0
LINE
  5
10267
330
1072D
100
AcDbEntity
  8
Shape010
100
AcDbLine
 10
174.2470791654583
 20
-167.3366807747143
 30
0.0
 11
174.4890791654583
 21
-167.3396807747143
 31
0.0
  0
ARC
  5
1048F
330
1072D
100
AcDbEntity
  8
0
100
AcDbCircle
 10
116.271149254857
 20
-111.5122496797983
 30
0.0
 40
1.0
100
AcDbArc
 50
318.4247738210692
 51
0.0
  0
ARC
  5
10653
330
1072D
100
AcDbEntity
  8
0
100
AcDbCircle
 10
96.94355704757989
 20
-115.510565820274
 30
0.0
 40
1.0
100
AcDbArc
 50
48.42477382106916
 51
90.0
  0
ARC
  5
1066F
330
1072D
100
AcDbEntity
  8
0
100
AcDbCircle
 10
100.9418731880555
 20
-134.8381580275511
 30
0.0
 40
1.0
100
AcDbArc
 50
138.4247738210692
 51
180.0
  0
ARC
  5
1068B
330
1072D
100
AcDbEntity
  8
0
100
AcDbCircle
 10
120.2694653953326
 20
-130.8398418870754
 30
0.0
 40
1.0
100
AcDbArc
 50
228.4247738210692
 51
270.0
  0
ARC
  5
1070C
330
1072D
100
AcDbEntity
  8
0
100
AcDbCircle
 10
117.2135006728595
 20
-137.7695869177761
 30
0.0
 40
1.0
100
AcDbArc
 50
318.4247738210692
 51
0.0
  0
ARC
  5
1070D
330
1072D
100
AcDbEntity
  8
0
100
AcDbCircle
 10
97.88590846558236
 20
-141.7679030582518
 30
0.0
 40
1.0
100
AcDbArc
 50
48.42477382106916
 51
90.0
  0
ARC
  5
1070E
330
1072D
100
AcDbEntity
  8
0
100
AcDbCircle
 10
101.884224606058
 20
-161.0954952655289
 30
0.0
 40
1.0
100
AcDbArc
 50
138.4247738210692
 51
180.0
  0
ARC
  5
1070F
330
1072D
100
AcDbEntity
  8
0
100
AcDbCircle
 10
121.2118168133351
 20
-157.0971791250532
 30
0.0
 40
1.0
100
AcDbArc
 50
228.4247738210692
 51
270.0
  0
LINE
  5
10268
330
1072D
100
AcDbEntity
  8
Shape010
100
AcDbLine
 10
174.4890791654583
 20
-167.3396807747143
 30
0.0
 11
174.7280791654583
 21
-167.3821807747142
 31
0.0
  0
LINE
  5
10269
330
1072D
100
AcDbEntity
  8
Shape010
100
AcDbLine
 10
174.7280791654583
 20
-167.3821807747142
 30
0.0
 11
174.9570791654583
 21
-167.4631807747143
 31
0.0
  0
LINE
  5
1026A
330
1072D
100
AcDbEntity
  8
Shape010
100
AcDbLine
 10
174.9570791654583
 20
-167.4631807747143
 30
0.0
 11
175.1690791654582
 21
-167.5803807747143
 31
0.0
  0
LINE
  5
1026B
330
1072D
100
AcDbEntity
  8
Shape010
100
AcDbLine
 10
175.1690791654582
 20
-167.5803807747143
 30
0.0
 11
175.3590791654583
 21
-167.7306807747142
 31
0.0
  0
LINE
  5
1026C
330
1072D
100
AcDbEntity
  8
Shape010
100
AcDbLine
 10
175.3590791654583
 20
-167.7306807747142
 30
0.0
 11
175.5230791654583
 21
-167.9099807747143
 31
0.0
  0
LINE
  5
1026D
330
1072D
100
AcDbEntity
  8
Shape010
100
AcDbLine
 10
175.5230791654583
 20
-167.9099807747143
 30
0.0
 11
175.6540791654583
 21
-168.1136807747143
 31
0.0
  0
LINE
  5
1026E
330
1072D
100
AcDbEntity
  8
Shape010
100
AcDbLine
 10
175.6540791654583
 20
-168.1136807747143
 30
0.0
 11
175.7510791654582
 21
-168.3360807747142
 31
0.0
  0
LINE
  5
1026F
330
1072D
100
AcDbEntity
  8
Shape010
100
AcDbLine
 10
175.7510791654582
 20
-168.3360807747142
 30
0.0
 11
175.8100791654583
 21
-168.5712807747143
 31
0.0
  0
LINE
  5
10270
330
1072D
100
AcDbEntity
  8
Shape010
100
AcDbLine
 10
175.8100791654583
 20
-168.5712807747143
 30
0.0
 11
175.8300791654583
 21
-168.8129807747142
 31
0.0
  0
LINE
  5
10271
330
1072D
100
AcDbEntity
  8
Shape010
100
AcDbLine
 10
175.8300791654583
 20
-168.8129807747142
 30
0.0
 11
175.8280791654582
 21
-168.8852807747143
 31
0.0
  0
LINE
  5
10272
330
1072D
100
AcDbEntity
  8
Shape010
100
AcDbLine
 10
175.8280791654582
 20
-168.8852807747143
 30
0.0
 11
175.7960791654583
 21
-169.1256807747143
 31
0.0
  0
LINE
  5
10273
330
1072D
100
AcDbEntity
  8
Shape010
100
AcDbLine
 10
175.7960791654583
 20
-169.1256807747143
 30
0.0
 11
175.7260791654583
 21
-169.3577807747143
 31
0.0
  0
LINE
  5
10274
330
1072D
100
AcDbEntity
  8
Shape010
100
AcDbLine
 10
175.7260791654583
 20
-169.3577807747143
 30
0.0
 11
175.6190791654583
 21
-169.5751807747143
 31
0.0
  0
LINE
  5
10275
330
1072D
100
AcDbEntity
  8
Shape010
100
AcDbLine
 10
175.6190791654583
 20
-169.5751807747143
 30
0.0
 11
175.4770791654582
 21
-169.7721807747143
 31
0.0
  0
LINE
  5
10276
330
1072D
100
AcDbEntity
  8
Shape010
100
AcDbLine
 10
175.4770791654582
 20
-169.7721807747143
 30
0.0
 11
175.3050791654583
 21
-169.9432807747143
 31
0.0
  0
LINE
  5
10277
330
1072D
100
AcDbEntity
  8
Shape010
100
AcDbLine
 10
175.3050791654583
 20
-169.9432807747143
 30
0.0
 11
175.1080791654583
 21
-170.0841807747142
 31
0.0
  0
LINE
  5
10278
330
1072D
100
AcDbEntity
  8
Shape010
100
AcDbLine
 10
175.1080791654583
 20
-170.0841807747142
 30
0.0
 11
174.8900791654582
 21
-170.1908807747143
 31
0.0
  0
LINE
  5
10279
330
1072D
100
AcDbEntity
  8
Shape010
100
AcDbLine
 10
174.8900791654582
 20
-170.1908807747143
 30
0.0
 11
174.6580791654583
 21
-170.2605807747142
 31
0.0
  0
LINE
  5
1027A
330
1072D
100
AcDbEntity
  8
Shape010
100
AcDbLine
 10
174.6580791654583
 20
-170.2605807747142
 30
0.0
 11
174.4170791654583
 21
-170.2913807747142
 31
0.0
  0
LINE
  5
1027B
330
1072D
100
AcDbEntity
  8
Shape010
100
AcDbLine
 10
174.4170791654583
 20
-170.2913807747142
 30
0.0
 11
174.1750791654583
 21
-170.2824807747143
 31
0.0
  0
LINE
  5
1027C
330
1072D
100
AcDbEntity
  8
Shape010
100
AcDbLine
 10
174.1750791654583
 20
-170.2824807747143
 30
0.0
 11
173.9370791654583
 21
-170.2340807747142
 31
0.0
  0
LINE
  5
1027D
330
1072D
100
AcDbEntity
  8
Shape010
100
AcDbLine
 10
173.9370791654583
 20
-170.2340807747142
 30
0.0
 11
173.7110791654583
 21
-170.1475807747142
 31
0.0
  0
LINE
  5
1027E
330
1072D
100
AcDbEntity
  8
Shape010
100
AcDbLine
 10
173.7110791654583
 20
-170.1475807747142
 30
0.0
 11
173.5010791654582
 21
-170.0252807747142
 31
0.0
  0
LINE
  5
1027F
330
1072D
100
AcDbEntity
  8
Shape010
100
AcDbLine
 10
173.5010791654582
 20
-170.0252807747142
 30
0.0
 11
173.3150791654583
 21
-169.8702807747143
 31
0.0
  0
LINE
  5
10280
330
1072D
100
AcDbEntity
  8
Shape010
100
AcDbLine
 10
173.3150791654583
 20
-169.8702807747143
 30
0.0
 11
173.1560791654583
 21
-169.6869807747142
 31
0.0
  0
LINE
  5
10281
330
1072D
100
AcDbEntity
  8
Shape010
100
AcDbLine
 10
173.1560791654583
 20
-169.6869807747142
 30
0.0
 11
173.0290791654583
 21
-169.4802807747143
 31
0.0
  0
LINE
  5
10282
330
1072D
100
AcDbEntity
  8
Shape010
100
AcDbLine
 10
173.0290791654583
 20
-169.4802807747143
 30
0.0
 11
172.9380791654582
 21
-169.2555807747142
 31
0.0
  0
LINE
  5
10283
330
1072D
100
AcDbEntity
  8
Shape010
100
AcDbLine
 10
172.9380791654582
 20
-169.2555807747142
 30
0.0
 11
172.8840791654583
 21
-169.0189807747143
 31
0.0
  0
LINE
  5
10284
330
1072D
100
AcDbEntity
  8
Shape010
100
AcDbLine
 10
172.8840791654583
 20
-169.0189807747143
 30
0.0
 11
172.8710791654582
 21
-168.7796807747143
 31
0.0
  0
LINE
  5
10285
330
1072D
100
AcDbEntity
  8
Shape010
100
AcDbLine
 10
172.8710791654582
 20
-168.7796807747143
 30
0.0
 11
172.8710791654582
 21
-168.7767807747143
 31
0.0
  0
LINE
  5
10286
330
1072D
100
AcDbEntity
  8
Shape010
100
AcDbLine
 10
172.8710791654582
 20
-168.7767807747143
 30
0.0
 11
172.8960791654582
 21
-168.5356807747143
 31
0.0
  0
LINE
  5
10287
330
1072D
100
AcDbEntity
  8
Shape008
100
AcDbLine
 10
148.6600791654582
 20
-183.8336807747143
 30
0.0
 11
148.7250791654583
 21
-183.5999807747143
 31
0.0
  0
LINE
  5
10288
330
1072D
100
AcDbEntity
  8
Shape008
100
AcDbLine
 10
148.7250791654583
 20
-183.5999807747143
 30
0.0
 11
148.8270791654583
 21
-183.3799807747143
 31
0.0
  0
LINE
  5
10289
330
1072D
100
AcDbEntity
  8
Shape008
100
AcDbLine
 10
148.8270791654583
 20
-183.3799807747143
 30
0.0
 11
148.9640791654583
 21
-183.1796807747143
 31
0.0
  0
LINE
  5
1028A
330
1072D
100
AcDbEntity
  8
Shape008
100
AcDbLine
 10
148.9640791654583
 20
-183.1796807747143
 30
0.0
 11
149.1320791654583
 21
-183.0042807747143
 31
0.0
  0
LINE
  5
1028B
330
1072D
100
AcDbEntity
  8
Shape008
100
AcDbLine
 10
149.1320791654583
 20
-183.0042807747143
 30
0.0
 11
149.3250791654582
 21
-182.8586807747143
 31
0.0
  0
LINE
  5
1028C
330
1072D
100
AcDbEntity
  8
Shape008
100
AcDbLine
 10
149.3250791654582
 20
-182.8586807747143
 30
0.0
 11
149.5410791654583
 21
-182.7466807747143
 31
0.0
  0
LINE
  5
1028D
330
1072D
100
AcDbEntity
  8
Shape008
100
AcDbLine
 10
149.5410791654583
 20
-182.7466807747143
 30
0.0
 11
149.7710791654582
 21
-182.6713807747142
 31
0.0
  0
LINE
  5
1028E
330
1072D
100
AcDbEntity
  8
Shape008
100
AcDbLine
 10
149.7710791654582
 20
-182.6713807747142
 30
0.0
 11
150.0110791654582
 21
-182.6346807747142
 31
0.0
  0
LINE
  5
1028F
330
1072D
100
AcDbEntity
  8
Shape008
100
AcDbLine
 10
150.0110791654582
 20
-182.6346807747142
 30
0.0
 11
150.2530791654583
 21
-182.6376807747143
 31
0.0
  0
LINE
  5
10290
330
1072D
100
AcDbEntity
  8
Shape008
100
AcDbLine
 10
150.2530791654583
 20
-182.6376807747143
 30
0.0
 11
150.4920791654582
 21
-182.6801807747142
 31
0.0
  0
LINE
  5
10291
330
1072D
100
AcDbEntity
  8
Shape008
100
AcDbLine
 10
150.4920791654582
 20
-182.6801807747142
 30
0.0
 11
150.7210791654583
 21
-182.7611807747143
 31
0.0
  0
LINE
  5
10292
330
1072D
100
AcDbEntity
  8
Shape008
100
AcDbLine
 10
150.7210791654583
 20
-182.7611807747143
 30
0.0
 11
150.9330791654583
 21
-182.8783807747143
 31
0.0
  0
LINE
  5
10293
330
1072D
100
AcDbEntity
  8
Shape008
100
AcDbLine
 10
150.9330791654583
 20
-182.8783807747143
 30
0.0
 11
151.1230791654583
 21
-183.0286807747142
 31
0.0
  0
LINE
  5
10294
330
1072D
100
AcDbEntity
  8
Shape008
100
AcDbLine
 10
151.1230791654583
 20
-183.0286807747142
 30
0.0
 11
151.2870791654583
 21
-183.2079807747143
 31
0.0
  0
LINE
  5
10295
330
1072D
100
AcDbEntity
  8
Shape008
100
AcDbLine
 10
151.2870791654583
 20
-183.2079807747143
 30
0.0
 11
151.4180791654583
 21
-183.4116807747143
 31
0.0
  0
LINE
  5
10296
330
1072D
100
AcDbEntity
  8
Shape008
100
AcDbLine
 10
151.4180791654583
 20
-183.4116807747143
 30
0.0
 11
151.5150791654582
 21
-183.6340807747143
 31
0.0
  0
LINE
  5
10297
330
1072D
100
AcDbEntity
  8
Shape008
100
AcDbLine
 10
151.5150791654582
 20
-183.6340807747143
 30
0.0
 11
151.5740791654583
 21
-183.8692807747142
 31
0.0
  0
LINE
  5
10298
330
1072D
100
AcDbEntity
  8
Shape008
100
AcDbLine
 10
151.5740791654583
 20
-183.8692807747142
 30
0.0
 11
151.5940791654583
 21
-184.1109807747143
 31
0.0
  0
LINE
  5
10299
330
1072D
100
AcDbEntity
  8
Shape008
100
AcDbLine
 10
151.5940791654583
 20
-184.1109807747143
 30
0.0
 11
151.5920791654582
 21
-184.1832807747143
 31
0.0
  0
LINE
  5
1029A
330
1072D
100
AcDbEntity
  8
Shape008
100
AcDbLine
 10
151.5920791654582
 20
-184.1832807747143
 30
0.0
 11
151.5610791654583
 21
-184.4236807747143
 31
0.0
  0
LINE
  5
1029B
330
1072D
100
AcDbEntity
  8
Shape008
100
AcDbLine
 10
151.5610791654583
 20
-184.4236807747143
 30
0.0
 11
151.4900791654583
 21
-184.6557807747143
 31
0.0
  0
LINE
  5
1029C
330
1072D
100
AcDbEntity
  8
Shape008
100
AcDbLine
 10
151.4900791654583
 20
-184.6557807747143
 30
0.0
 11
151.3830791654583
 21
-184.8731807747143
 31
0.0
  0
LINE
  5
1029D
330
1072D
100
AcDbEntity
  8
Shape008
100
AcDbLine
 10
151.3830791654583
 20
-184.8731807747143
 30
0.0
 11
151.2410791654582
 21
-185.0701807747143
 31
0.0
  0
LINE
  5
1029E
330
1072D
100
AcDbEntity
  8
Shape008
100
AcDbLine
 10
151.2410791654582
 20
-185.0701807747143
 30
0.0
 11
151.0690791654582
 21
-185.2412807747143
 31
0.0
  0
LINE
  5
1029F
330
1072D
100
AcDbEntity
  8
Shape008
100
AcDbLine
 10
151.0690791654582
 20
-185.2412807747143
 30
0.0
 11
150.8720791654583
 21
-185.3821807747142
 31
0.0
  0
LINE
  5
102A0
330
1072D
100
AcDbEntity
  8
Shape008
100
AcDbLine
 10
150.8720791654583
 20
-185.3821807747142
 30
0.0
 11
150.6540791654583
 21
-185.4888807747143
 31
0.0
  0
LINE
  5
102A1
330
1072D
100
AcDbEntity
  8
Shape008
100
AcDbLine
 10
150.6540791654583
 20
-185.4888807747143
 30
0.0
 11
150.4220791654583
 21
-185.5585807747142
 31
0.0
  0
LINE
  5
102A2
330
1072D
100
AcDbEntity
  8
Shape008
100
AcDbLine
 10
150.4220791654583
 20
-185.5585807747142
 30
0.0
 11
150.1810791654583
 21
-185.5893807747142
 31
0.0
  0
LINE
  5
102A3
330
1072D
100
AcDbEntity
  8
Shape008
100
AcDbLine
 10
150.1810791654583
 20
-185.5893807747142
 30
0.0
 11
149.9390791654582
 21
-185.5804807747143
 31
0.0
  0
LINE
  5
102A4
330
1072D
100
AcDbEntity
  8
Shape008
100
AcDbLine
 10
149.9390791654582
 20
-185.5804807747143
 30
0.0
 11
149.7010791654583
 21
-185.5320807747142
 31
0.0
  0
LINE
  5
102A5
330
1072D
100
AcDbEntity
  8
Shape008
100
AcDbLine
 10
149.7010791654583
 20
-185.5320807747142
 30
0.0
 11
149.4750791654583
 21
-185.4455807747142
 31
0.0
  0
LINE
  5
102A6
330
1072D
100
AcDbEntity
  8
Shape008
100
AcDbLine
 10
149.4750791654583
 20
-185.4455807747142
 30
0.0
 11
149.2650791654582
 21
-185.3232807747142
 31
0.0
  0
LINE
  5
102A7
330
1072D
100
AcDbEntity
  8
Shape008
100
AcDbLine
 10
149.2650791654582
 20
-185.3232807747142
 30
0.0
 11
149.0790791654583
 21
-185.1682807747143
 31
0.0
  0
LINE
  5
102A8
330
1072D
100
AcDbEntity
  8
Shape008
100
AcDbLine
 10
149.0790791654583
 20
-185.1682807747143
 30
0.0
 11
148.9200791654582
 21
-184.9849807747142
 31
0.0
  0
LINE
  5
102A9
330
1072D
100
AcDbEntity
  8
Shape008
100
AcDbLine
 10
148.9200791654582
 20
-184.9849807747142
 30
0.0
 11
148.7930791654583
 21
-184.7782807747143
 31
0.0
  0
LINE
  5
102AA
330
1072D
100
AcDbEntity
  8
Shape008
100
AcDbLine
 10
148.7930791654583
 20
-184.7782807747143
 30
0.0
 11
148.7020791654583
 21
-184.5535807747142
 31
0.0
  0
LINE
  5
102AB
330
1072D
100
AcDbEntity
  8
Shape008
100
AcDbLine
 10
148.7020791654583
 20
-184.5535807747142
 30
0.0
 11
148.6490791654583
 21
-184.3169807747142
 31
0.0
  0
LINE
  5
102AC
330
1072D
100
AcDbEntity
  8
Shape008
100
AcDbLine
 10
148.6490791654583
 20
-184.3169807747142
 30
0.0
 11
148.6350791654583
 21
-184.0776807747143
 31
0.0
  0
LINE
  5
102AD
330
1072D
100
AcDbEntity
  8
Shape008
100
AcDbLine
 10
148.6350791654583
 20
-184.0776807747143
 30
0.0
 11
148.6350791654583
 21
-184.0747807747143
 31
0.0
  0
LINE
  5
102AE
330
1072D
100
AcDbEntity
  8
Shape008
100
AcDbLine
 10
148.6350791654583
 20
-184.0747807747143
 30
0.0
 11
148.6600791654582
 21
-183.8336807747143
 31
0.0
  0
LINE
  5
102AF
330
1072D
100
AcDbEntity
  8
Shape006
100
AcDbLine
 10
148.5330791654583
 20
-211.7739807747143
 30
0.0
 11
148.5980791654583
 21
-211.5399807747143
 31
0.0
  0
LINE
  5
102B0
330
1072D
100
AcDbEntity
  8
Shape006
100
AcDbLine
 10
148.5980791654583
 20
-211.5399807747143
 30
0.0
 11
148.7000791654582
 21
-211.3199807747143
 31
0.0
  0
LINE
  5
102B1
330
1072D
100
AcDbEntity
  8
Shape006
100
AcDbLine
 10
148.7000791654582
 20
-211.3199807747143
 30
0.0
 11
148.8370791654582
 21
-211.1199807747143
 31
0.0
  0
LINE
  5
102B2
330
1072D
100
AcDbEntity
  8
Shape006
100
AcDbLine
 10
148.8370791654582
 20
-211.1199807747143
 30
0.0
 11
149.0050791654583
 21
-210.9439807747142
 31
0.0
  0
LINE
  5
102B3
330
1072D
100
AcDbEntity
  8
Shape006
100
AcDbLine
 10
149.0050791654583
 20
-210.9439807747142
 30
0.0
 11
149.1980791654582
 21
-210.7986807747143
 31
0.0
  0
LINE
  5
102B4
330
1072D
100
AcDbEntity
  8
Shape006
100
AcDbLine
 10
149.1980791654582
 20
-210.7986807747143
 30
0.0
 11
149.4140791654582
 21
-210.6866807747143
 31
0.0
  0
LINE
  5
102B5
330
1072D
100
AcDbEntity
  8
Shape006
100
AcDbLine
 10
149.4140791654582
 20
-210.6866807747143
 30
0.0
 11
149.6440791654583
 21
-210.6113807747143
 31
0.0
  0
LINE
  5
102B6
330
1072D
100
AcDbEntity
  8
Shape006
100
AcDbLine
 10
149.6440791654583
 20
-210.6113807747143
 30
0.0
 11
149.8840791654583
 21
-210.5746807747142
 31
0.0
  0
LINE
  5
102B7
330
1072D
100
AcDbEntity
  8
Shape006
100
AcDbLine
 10
149.8840791654583
 20
-210.5746807747142
 30
0.0
 11
150.1260791654582
 21
-210.5776807747143
 31
0.0
  0
LINE
  5
102B8
330
1072D
100
AcDbEntity
  8
Shape006
100
AcDbLine
 10
150.1260791654582
 20
-210.5776807747143
 30
0.0
 11
150.3650791654583
 21
-210.6201807747142
 31
0.0
  0
LINE
  5
102B9
330
1072D
100
AcDbEntity
  8
Shape006
100
AcDbLine
 10
150.3650791654583
 20
-210.6201807747142
 30
0.0
 11
150.5940791654583
 21
-210.7011807747143
 31
0.0
  0
LINE
  5
102BA
330
1072D
100
AcDbEntity
  8
Shape006
100
AcDbLine
 10
150.5940791654583
 20
-210.7011807747143
 30
0.0
 11
150.8060791654583
 21
-210.8183807747143
 31
0.0
  0
LINE
  5
102BB
330
1072D
100
AcDbEntity
  8
Shape006
100
AcDbLine
 10
150.8060791654583
 20
-210.8183807747143
 30
0.0
 11
150.9960791654582
 21
-210.9689807747143
 31
0.0
  0
LINE
  5
102BC
330
1072D
100
AcDbEntity
  8
Shape006
100
AcDbLine
 10
150.9960791654582
 20
-210.9689807747143
 30
0.0
 11
151.1600791654582
 21
-211.1479807747143
 31
0.0
  0
LINE
  5
102BD
330
1072D
100
AcDbEntity
  8
Shape006
100
AcDbLine
 10
151.1600791654582
 20
-211.1479807747143
 30
0.0
 11
151.2910791654583
 21
-211.3519807747143
 31
0.0
  0
LINE
  5
102BE
330
1072D
100
AcDbEntity
  8
Shape006
100
AcDbLine
 10
151.2910791654583
 20
-211.3519807747143
 30
0.0
 11
151.3880791654583
 21
-211.5739807747142
 31
0.0
  0
LINE
  5
102BF
330
1072D
100
AcDbEntity
  8
Shape006
100
AcDbLine
 10
151.3880791654583
 20
-211.5739807747142
 30
0.0
 11
151.4470791654583
 21
-211.8089807747143
 31
0.0
  0
LINE
  5
102C0
330
1072D
100
AcDbEntity
  8
Shape006
100
AcDbLine
 10
151.4470791654583
 20
-211.8089807747143
 30
0.0
 11
151.4670791654582
 21
-212.0509807747143
 31
0.0
  0
LINE
  5
102C1
330
1072D
100
AcDbEntity
  8
Shape006
100
AcDbLine
 10
151.4670791654582
 20
-212.0509807747143
 30
0.0
 11
151.4650791654583
 21
-212.1229807747143
 31
0.0
  0
LINE
  5
102C2
330
1072D
100
AcDbEntity
  8
Shape006
100
AcDbLine
 10
151.4650791654583
 20
-212.1229807747143
 30
0.0
 11
151.4340791654582
 21
-212.3639807747143
 31
0.0
  0
LINE
  5
102C3
330
1072D
100
AcDbEntity
  8
Shape006
100
AcDbLine
 10
151.4340791654582
 20
-212.3639807747143
 30
0.0
 11
151.3630791654583
 21
-212.5959807747143
 31
0.0
  0
LINE
  5
102C4
330
1072D
100
AcDbEntity
  8
Shape006
100
AcDbLine
 10
151.3630791654583
 20
-212.5959807747143
 30
0.0
 11
151.2560791654582
 21
-212.8129807747143
 31
0.0
  0
LINE
  5
102C5
330
1072D
100
AcDbEntity
  8
Shape006
100
AcDbLine
 10
151.2560791654582
 20
-212.8129807747143
 30
0.0
 11
151.1140791654583
 21
-213.0099807747143
 31
0.0
  0
LINE
  5
102C6
330
1072D
100
AcDbEntity
  8
Shape006
100
AcDbLine
 10
151.1140791654583
 20
-213.0099807747143
 30
0.0
 11
150.9420791654583
 21
-213.1809807747143
 31
0.0
  0
LINE
  5
102C7
330
1072D
100
AcDbEntity
  8
Shape006
100
AcDbLine
 10
150.9420791654583
 20
-213.1809807747143
 30
0.0
 11
150.7450791654583
 21
-213.3219807747143
 31
0.0
  0
LINE
  5
102C8
330
1072D
100
AcDbEntity
  8
Shape006
100
AcDbLine
 10
150.7450791654583
 20
-213.3219807747143
 30
0.0
 11
150.5270791654582
 21
-213.4289807747143
 31
0.0
  0
LINE
  5
102C9
330
1072D
100
AcDbEntity
  8
Shape006
100
AcDbLine
 10
150.5270791654582
 20
-213.4289807747143
 30
0.0
 11
150.2950791654582
 21
-213.4989807747143
 31
0.0
  0
LINE
  5
102CA
330
1072D
100
AcDbEntity
  8
Shape006
100
AcDbLine
 10
150.2950791654582
 20
-213.4989807747143
 30
0.0
 11
150.0540791654582
 21
-213.5289807747143
 31
0.0
  0
LINE
  5
102CB
330
1072D
100
AcDbEntity
  8
Shape006
100
AcDbLine
 10
150.0540791654582
 20
-213.5289807747143
 30
0.0
 11
149.8120791654583
 21
-213.5199807747143
 31
0.0
  0
LINE
  5
102CC
330
1072D
100
AcDbEntity
  8
Shape006
100
AcDbLine
 10
149.8120791654583
 20
-213.5199807747143
 30
0.0
 11
149.5740791654583
 21
-213.4719807747143
 31
0.0
  0
LINE
  5
102CD
330
1072D
100
AcDbEntity
  8
Shape006
100
AcDbLine
 10
149.5740791654583
 20
-213.4719807747143
 30
0.0
 11
149.3480791654583
 21
-213.3859807747143
 31
0.0
  0
LINE
  5
102CE
330
1072D
100
AcDbEntity
  8
Shape006
100
AcDbLine
 10
149.3480791654583
 20
-213.3859807747143
 30
0.0
 11
149.1380791654583
 21
-213.2629807747143
 31
0.0
  0
LINE
  5
102CF
330
1072D
100
AcDbEntity
  8
Shape006
100
AcDbLine
 10
149.1380791654583
 20
-213.2629807747143
 30
0.0
 11
148.9520791654583
 21
-213.1079807747143
 31
0.0
  0
LINE
  5
102D0
330
1072D
100
AcDbEntity
  8
Shape006
100
AcDbLine
 10
148.9520791654583
 20
-213.1079807747143
 30
0.0
 11
148.7930791654583
 21
-212.9249807747142
 31
0.0
  0
LINE
  5
102D1
330
1072D
100
AcDbEntity
  8
Shape006
100
AcDbLine
 10
148.7930791654583
 20
-212.9249807747142
 30
0.0
 11
148.6660791654583
 21
-212.7179807747142
 31
0.0
  0
LINE
  5
102D2
330
1072D
100
AcDbEntity
  8
Shape006
100
AcDbLine
 10
148.6660791654583
 20
-212.7179807747142
 30
0.0
 11
148.5750791654582
 21
-212.4939807747143
 31
0.0
  0
LINE
  5
102D3
330
1072D
100
AcDbEntity
  8
Shape006
100
AcDbLine
 10
148.5750791654582
 20
-212.4939807747143
 30
0.0
 11
148.5220791654583
 21
-212.2569807747142
 31
0.0
  0
LINE
  5
102D4
330
1072D
100
AcDbEntity
  8
Shape006
100
AcDbLine
 10
148.5220791654583
 20
-212.2569807747142
 30
0.0
 11
148.5080791654583
 21
-212.0179807747143
 31
0.0
  0
LINE
  5
102D5
330
1072D
100
AcDbEntity
  8
Shape006
100
AcDbLine
 10
148.5080791654583
 20
-212.0179807747143
 30
0.0
 11
148.5080791654583
 21
-212.0149807747143
 31
0.0
  0
LINE
  5
102D6
330
1072D
100
AcDbEntity
  8
Shape006
100
AcDbLine
 10
148.5080791654583
 20
-212.0149807747143
 30
0.0
 11
148.5330791654583
 21
-211.7739807747143
 31
0.0
  0
LINE
  5
AF8
330
1072D
100
AcDbEntity
  8
Shape
100
AcDbLine
 10
94.83625306122444
 20
-109.193
 30
0.0
 11
94.5868
 21
-109.127
 31
0.0
  0
LINE
  5
102D7
330
1072D
100
AcDbEntity
  8
Shape004
100
AcDbLine
 10
179.2670791654583
 20
-216.7269807747143
 30
0.0
 11
179.3320791654583
 21
-216.4929807747143
 31
0.0
  0
LINE
  5
10363
330
1072D
100
AcDbEntity
  8
Shape
100
AcDbLine
 10
95.08045778742252
 20
-219.6163539715774
 30
0.0
 11
94.83100472619805
 21
-219.5503539715774
 31
0.0
  0
LINE
  5
AF9
330
1072D
100
AcDbEntity
  8
Shape
100
AcDbLine
 10
94.5868
 20
-109.127
 30
0.0
 11
94.413
 21
-109.046
 31
0.0
  0
LINE
  5
102D8
330
1072D
100
AcDbEntity
  8
Shape004
100
AcDbLine
 10
179.3320791654583
 20
-216.4929807747143
 30
0.0
 11
179.4340791654582
 21
-216.2729807747143
 31
0.0
  0
LINE
  5
10364
330
1072D
100
AcDbEntity
  8
Shape
100
AcDbLine
 10
94.83100472619805
 20
-219.5503539715774
 30
0.0
 11
94.65720472619807
 21
-219.4693539715774
 31
0.0
  0
LINE
  5
AFA
330
1072D
100
AcDbEntity
  8
Shape
100
AcDbLine
 10
94.413
 20
-109.046
 30
0.0
 11
94.2559
 21
-108.936
 31
0.0
  0
LINE
  5
102D9
330
1072D
100
AcDbEntity
  8
Shape004
100
AcDbLine
 10
179.4340791654582
 20
-216.2729807747143
 30
0.0
 11
179.5710791654583
 21
-216.0729807747143
 31
0.0
  0
LINE
  5
10365
330
1072D
100
AcDbEntity
  8
Shape
100
AcDbLine
 10
94.65720472619807
 20
-219.4693539715774
 30
0.0
 11
94.50010472619806
 21
-219.3593539715774
 31
0.0
  0
LINE
  5
AFB
330
1072D
100
AcDbEntity
  8
Shape
100
AcDbLine
 10
94.2559
 20
-108.936
 30
0.0
 11
94.1204
 21
-108.8
 31
0.0
  0
LINE
  5
102DA
330
1072D
100
AcDbEntity
  8
Shape004
100
AcDbLine
 10
179.5710791654583
 20
-216.0729807747143
 30
0.0
 11
179.7390791654583
 21
-215.8969807747143
 31
0.0
  0
LINE
  5
10366
330
1072D
100
AcDbEntity
  8
Shape
100
AcDbLine
 10
94.50010472619806
 20
-219.3593539715774
 30
0.0
 11
94.36460472619808
 21
-219.2233539715774
 31
0.0
  0
LINE
  5
AFC
330
1072D
100
AcDbEntity
  8
Shape
100
AcDbLine
 10
94.39575031847134
 20
-109.193
 30
0.0
 11
94.0104
 21
-108.643
 31
0.0
  0
LINE
  5
102DB
330
1072D
100
AcDbEntity
  8
Shape004
100
AcDbLine
 10
179.7390791654583
 20
-215.8969807747143
 30
0.0
 11
179.9320791654583
 21
-215.7519807747142
 31
0.0
  0
LINE
  5
10367
330
1072D
100
AcDbEntity
  8
Shape
100
AcDbLine
 10
94.63995504466942
 20
-219.6163539715774
 30
0.0
 11
94.25460472619807
 21
-219.0663539715774
 31
0.0
  0
LINE
  5
AFD
330
1072D
100
AcDbEntity
  8
Shape
100
AcDbLine
 10
94.0104
 20
-108.643
 30
0.0
 11
93.9293
 21
-108.469
 31
0.0
  0
LINE
  5
102DC
330
1072D
100
AcDbEntity
  8
Shape004
100
AcDbLine
 10
179.9320791654583
 20
-215.7519807747142
 30
0.0
 11
180.1480791654583
 21
-215.6399807747143
 31
0.0
  0
LINE
  5
10368
330
1072D
100
AcDbEntity
  8
Shape
100
AcDbLine
 10
94.25460472619807
 20
-219.0663539715774
 30
0.0
 11
94.17350472619808
 21
-218.8923539715774
 31
0.0
  0
LINE
  5
AFE
330
1072D
100
AcDbEntity
  8
Shape
100
AcDbLine
 10
93.9293
 20
-108.469
 30
0.0
 11
93.8797
 21
-108.284
 31
0.0
  0
LINE
  5
102DD
330
1072D
100
AcDbEntity
  8
Shape004
100
AcDbLine
 10
180.1480791654583
 20
-215.6399807747143
 30
0.0
 11
180.3780791654583
 21
-215.5639807747143
 31
0.0
  0
LINE
  5
10369
330
1072D
100
AcDbEntity
  8
Shape
100
AcDbLine
 10
94.17350472619808
 20
-218.8923539715774
 30
0.0
 11
94.12390472619808
 21
-218.7073539715774
 31
0.0
  0
LINE
  5
AFF
330
1072D
100
AcDbEntity
  8
Shape
100
AcDbLine
 10
93.8797
 20
-108.284
 30
0.0
 11
93.863
 21
-108.093
 31
0.0
  0
LINE
  5
102DE
330
1072D
100
AcDbEntity
  8
Shape004
100
AcDbLine
 10
180.3780791654583
 20
-215.5639807747143
 30
0.0
 11
180.6180791654583
 21
-215.5279807747143
 31
0.0
  0
LINE
  5
1036A
330
1072D
100
AcDbEntity
  8
Shape
100
AcDbLine
 10
94.12390472619808
 20
-218.7073539715774
 30
0.0
 11
94.10720472619806
 21
-218.5163539715774
 31
0.0
  0
LINE
  5
B00
330
1072D
100
AcDbEntity
  8
Shape
100
AcDbLine
 10
93.863
 20
-108.093
 30
0.0
 11
93.863
 21
-55.9746
 31
0.0
  0
LINE
  5
102DF
330
1072D
100
AcDbEntity
  8
Shape004
100
AcDbLine
 10
180.6180791654583
 20
-215.5279807747143
 30
0.0
 11
180.8600791654583
 21
-215.5309807747142
 31
0.0
  0
LINE
  5
1036B
330
1072D
100
AcDbEntity
  8
Shape
100
AcDbLine
 10
94.10720472619806
 20
-218.5163539715774
 30
0.0
 11
94.10720472619806
 21
-166.3979539715774
 31
0.0
  0
LINE
  5
B01
330
1072D
100
AcDbEntity
  8
Shape
100
AcDbLine
 10
93.863
 20
-55.9746
 30
0.0
 11
93.8797
 21
-55.7836
 31
0.0
  0
LINE
  5
102E0
330
1072D
100
AcDbEntity
  8
Shape004
100
AcDbLine
 10
180.8600791654583
 20
-215.5309807747142
 30
0.0
 11
181.0990791654582
 21
-215.5729807747143
 31
0.0
  0
LINE
  5
1036C
330
1072D
100
AcDbEntity
  8
Shape
100
AcDbLine
 10
94.10720472619806
 20
-166.3979539715774
 30
0.0
 11
94.12390472619808
 21
-166.2069539715774
 31
0.0
  0
LINE
  5
B02
330
1072D
100
AcDbEntity
  8
Shape
100
AcDbLine
 10
93.8797
 20
-55.7836
 30
0.0
 11
93.9293
 21
-55.5984
 31
0.0
  0
LINE
  5
102E1
330
1072D
100
AcDbEntity
  8
Shape004
100
AcDbLine
 10
181.0990791654582
 20
-215.5729807747143
 30
0.0
 11
181.3280791654582
 21
-215.6539807747143
 31
0.0
  0
LINE
  5
1036D
330
1072D
100
AcDbEntity
  8
Shape
100
AcDbLine
 10
94.12390472619808
 20
-166.2069539715774
 30
0.0
 11
94.17350472619808
 21
-166.0217539715774
 31
0.0
  0
LINE
  5
B03
330
1072D
100
AcDbEntity
  8
Shape
100
AcDbLine
 10
93.9293
 20
-55.5984
 30
0.0
 11
94.0104
 21
-55.4246
 31
0.0
  0
LINE
  5
102E2
330
1072D
100
AcDbEntity
  8
Shape004
100
AcDbLine
 10
181.3280791654582
 20
-215.6539807747143
 30
0.0
 11
181.5400791654582
 21
-215.7709807747142
 31
0.0
  0
LINE
  5
1036E
330
1072D
100
AcDbEntity
  8
Shape
100
AcDbLine
 10
94.17350472619808
 20
-166.0217539715774
 30
0.0
 11
94.25460472619807
 21
-165.8479539715774
 31
0.0
  0
LINE
  5
B04
330
1072D
100
AcDbEntity
  8
Shape
100
AcDbLine
 10
94.0104
 20
-55.4246
 30
0.0
 11
94.1204
 21
-55.2675
 31
0.0
  0
LINE
  5
102E3
330
1072D
100
AcDbEntity
  8
Shape004
100
AcDbLine
 10
181.5400791654582
 20
-215.7709807747142
 30
0.0
 11
181.7300791654583
 21
-215.9219807747143
 31
0.0
  0
LINE
  5
1036F
330
1072D
100
AcDbEntity
  8
Shape
100
AcDbLine
 10
94.25460472619807
 20
-165.8479539715774
 30
0.0
 11
94.36460472619808
 21
-165.6908539715774
 31
0.0
  0
LINE
  5
B05
330
1072D
100
AcDbEntity
  8
Shape
100
AcDbLine
 10
94.1204
 20
-55.2675
 30
0.0
 11
94.2559
 21
-55.132
 31
0.0
  0
LINE
  5
102E4
330
1072D
100
AcDbEntity
  8
Shape004
100
AcDbLine
 10
181.7300791654583
 20
-215.9219807747143
 30
0.0
 11
181.8940791654583
 21
-216.1009807747143
 31
0.0
  0
LINE
  5
10370
330
1072D
100
AcDbEntity
  8
Shape
100
AcDbLine
 10
94.36460472619808
 20
-165.6908539715774
 30
0.0
 11
94.50010472619806
 21
-165.5553539715774
 31
0.0
  0
LINE
  5
B06
330
1072D
100
AcDbEntity
  8
Shape
100
AcDbLine
 10
94.2559
 20
-55.132
 30
0.0
 11
94.62351399999999
 21
-54.87460000000001
 31
0.0
  0
LINE
  5
102E5
330
1072D
100
AcDbEntity
  8
Shape004
100
AcDbLine
 10
181.8940791654583
 20
-216.1009807747143
 30
0.0
 11
182.0250791654582
 21
-216.3049807747142
 31
0.0
  0
LINE
  5
10371
330
1072D
100
AcDbEntity
  8
Shape
100
AcDbLine
 10
94.50010472619806
 20
-165.5553539715774
 30
0.0
 11
94.86771872619806
 21
-165.2979539715774
 31
0.0
  0
LINE
  5
B07
330
1072D
100
AcDbEntity
  8
Shape
100
AcDbLine
 10
94.413
 20
-55.022
 30
0.0
 11
94.72888310727495
 21
-54.87460000000001
 31
0.0
  0
LINE
  5
102E6
330
1072D
100
AcDbEntity
  8
Shape004
100
AcDbLine
 10
182.0250791654582
 20
-216.3049807747142
 30
0.0
 11
182.1220791654583
 21
-216.5269807747143
 31
0.0
  0
LINE
  5
10372
330
1072D
100
AcDbEntity
  8
Shape
100
AcDbLine
 10
94.65720472619807
 20
-165.4453539715774
 30
0.0
 11
94.97308783347302
 21
-165.2979539715774
 31
0.0
  0
LINE
  5
B08
330
1072D
100
AcDbEntity
  8
Shape
100
AcDbLine
 10
94.5868
 20
-54.9409
 30
0.0
 11
94.772
 21
-54.8913
 31
0.0
  0
LINE
  5
102E7
330
1072D
100
AcDbEntity
  8
Shape004
100
AcDbLine
 10
182.1220791654583
 20
-216.5269807747143
 30
0.0
 11
182.1810791654583
 21
-216.7619807747143
 31
0.0
  0
LINE
  5
10373
330
1072D
100
AcDbEntity
  8
Shape
100
AcDbLine
 10
94.83100472619805
 20
-165.3642539715774
 30
0.0
 11
95.01620472619805
 21
-165.3146539715774
 31
0.0
  0
LINE
  5
B09
330
1072D
100
AcDbEntity
  8
Shape
100
AcDbLine
 10
94.772
 20
-54.8913
 30
0.0
 11
94.963
 21
-54.8746
 31
0.0
  0
LINE
  5
102E8
330
1072D
100
AcDbEntity
  8
Shape004
100
AcDbLine
 10
182.1810791654583
 20
-216.7619807747143
 30
0.0
 11
182.2010791654583
 21
-217.0039807747143
 31
0.0
  0
LINE
  5
10374
330
1072D
100
AcDbEntity
  8
Shape
100
AcDbLine
 10
95.01620472619805
 20
-165.3146539715774
 30
0.0
 11
95.20720472619806
 21
-165.2979539715774
 31
0.0
  0
LINE
  5
B0A
330
1072D
100
AcDbEntity
  8
Shape
100
AcDbLine
 10
94.62351399999997
 20
-54.8746
 30
0.0
 11
199.658
 21
-54.8746
 31
0.0
  0
LINE
  5
102E9
330
1072D
100
AcDbEntity
  8
Shape004
100
AcDbLine
 10
182.2010791654583
 20
-217.0039807747143
 30
0.0
 11
182.1990791654583
 21
-217.0759807747143
 31
0.0
  0
LINE
  5
10375
330
1072D
100
AcDbEntity
  8
Shape
100
AcDbLine
 10
94.86771872619804
 20
-165.2979539715774
 30
0.0
 11
199.9022047261981
 21
-165.2979539715774
 31
0.0
  0
LINE
  5
B32
330
1072D
100
AcDbEntity
  8
Shape
100
AcDbLine
 10
199.658
 20
-109.193
 30
0.0
 11
94.39575031847133
 21
-109.193
 31
0.0
  0
LINE
  5
102EA
330
1072D
100
AcDbEntity
  8
Shape004
100
AcDbLine
 10
182.1990791654583
 20
-217.0759807747143
 30
0.0
 11
182.1680791654583
 21
-217.3169807747142
 31
0.0
  0
LINE
  5
10376
330
1072D
100
AcDbEntity
  8
Shape
100
AcDbLine
 10
199.9022047261981
 20
-219.6163539715774
 30
0.0
 11
94.63995504466939
 21
-219.6163539715774
 31
0.0
  0
LINE
  5
B33
330
1072D
100
AcDbEntity
  8
Shape
100
AcDbLine
 10
94.963
 20
-109.193
 30
0.0
 11
94.772
 21
-109.176
 31
0.0
  0
LINE
  5
102EB
330
1072D
100
AcDbEntity
  8
Shape004
100
AcDbLine
 10
182.1680791654583
 20
-217.3169807747142
 30
0.0
 11
182.0970791654582
 21
-217.5489807747143
 31
0.0
  0
LINE
  5
10377
330
1072D
100
AcDbEntity
  8
Shape
100
AcDbLine
 10
95.20720472619806
 20
-219.6163539715774
 30
0.0
 11
95.01620472619805
 21
-219.5993539715774
 31
0.0
  0
CIRCLE
  5
1002A
330
1072D
100
AcDbEntity
  8
0
100
AcDbCircle
 10
173.0
 20
-95.0
 30
0.0
 40
1.5
  0
LINE
  5
102EC
330
1072D
100
AcDbEntity
  8
Shape004
100
AcDbLine
 10
182.0970791654582
 20
-217.5489807747143
 30
0.0
 11
181.9900791654583
 21
-217.7659807747143
 31
0.0
  0
CIRCLE
  5
1002B
330
1072D
100
AcDbEntity
  8
0
100
AcDbCircle
 10
185.0
 20
-95.0
 30
0.0
 40
1.5
  0
LINE
  5
102ED
330
1072D
100
AcDbEntity
  8
Shape004
100
AcDbLine
 10
181.9900791654583
 20
-217.7659807747143
 30
0.0
 11
181.8480791654583
 21
-217.9629807747143
 31
0.0
  0
CIRCLE
  5
1002D
330
1072D
100
AcDbEntity
  8
0
100
AcDbCircle
 10
163.0
 20
-88.0
 30
0.0
 40
1.5
  0
LINE
  5
102EE
330
1072D
100
AcDbEntity
  8
Shape004
100
AcDbLine
 10
181.8480791654583
 20
-217.9629807747143
 30
0.0
 11
181.6760791654582
 21
-218.1339807747142
 31
0.0
  0
CIRCLE
  5
1002E
330
1072D
100
AcDbEntity
  8
0
100
AcDbCircle
 10
163.0
 20
-76.0
 30
0.0
 40
1.5
  0
LINE
  5
102EF
330
1072D
100
AcDbEntity
  8
Shape004
100
AcDbLine
 10
181.6760791654582
 20
-218.1339807747142
 30
0.0
 11
181.4790791654583
 21
-218.2749807747143
 31
0.0
  0
LINE
  5
102F0
330
1072D
100
AcDbEntity
  8
Shape004
100
AcDbLine
 10
181.4790791654583
 20
-218.2749807747143
 30
0.0
 11
181.2610791654582
 21
-218.3819807747142
 31
0.0
  0
LINE
  5
102F1
330
1072D
100
AcDbEntity
  8
Shape004
100
AcDbLine
 10
181.2610791654582
 20
-218.3819807747142
 30
0.0
 11
181.0290791654583
 21
-218.4519807747143
 31
0.0
  0
CIRCLE
  5
10124
330
1072D
100
AcDbEntity
  8
0
100
AcDbCircle
 10
194.0
 20
-100.0
 30
0.0
 40
2.5
  0
LINE
  5
102F2
330
1072D
100
AcDbEntity
  8
Shape004
100
AcDbLine
 10
181.0290791654583
 20
-218.4519807747143
 30
0.0
 11
180.7880791654583
 21
-218.4819807747143
 31
0.0
  0
CIRCLE
  5
1037C
330
1072D
100
AcDbEntity
  8
0
100
AcDbCircle
 10
194.2442047261981
 20
-210.4233539715774
 30
0.0
 40
2.5
  0
CIRCLE
  5
10125
330
1072D
100
AcDbEntity
  8
0
100
AcDbCircle
 10
194.0
 20
-65.0
 30
0.0
 40
2.5
  0
LINE
  5
102F3
330
1072D
100
AcDbEntity
  8
Shape004
100
AcDbLine
 10
180.7880791654583
 20
-218.4819807747143
 30
0.0
 11
180.5460791654583
 21
-218.4729807747142
 31
0.0
  0
CIRCLE
  5
1037D
330
1072D
100
AcDbEntity
  8
0
100
AcDbCircle
 10
194.2442047261981
 20
-175.4233539715774
 30
0.0
 40
2.5
  0
LINE
  5
10128
330
1072D
100
AcDbEntity
  8
0
100
AcDbLine
 10
199.658
 20
-109.193
 30
0.0
 11
199.658
 21
-54.8746
 31
0.0
  0
LINE
  5
102F4
330
1072D
100
AcDbEntity
  8
Shape004
100
AcDbLine
 10
180.5460791654583
 20
-218.4729807747142
 30
0.0
 11
180.3080791654583
 21
-218.4249807747142
 31
0.0
  0
LINE
  5
1037E
330
1072D
100
AcDbEntity
  8
0
100
AcDbLine
 10
199.9022047261981
 20
-219.6163539715774
 30
0.0
 11
199.9022047261981
 21
-165.2979539715774
 31
0.0
  0
LINE
  5
102F5
330
1072D
100
AcDbEntity
  8
Shape004
100
AcDbLine
 10
180.3080791654583
 20
-218.4249807747142
 30
0.0
 11
180.0820791654583
 21
-218.3389807747143
 31
0.0
  0
LINE
  5
102F6
330
1072D
100
AcDbEntity
  8
Shape004
100
AcDbLine
 10
180.0820791654583
 20
-218.3389807747143
 30
0.0
 11
179.8720791654583
 21
-218.2159807747142
 31
0.0
  0
LINE
  5
102F7
330
1072D
100
AcDbEntity
  8
Shape004
100
AcDbLine
 10
179.8720791654583
 20
-218.2159807747142
 30
0.0
 11
179.6860791654583
 21
-218.0609807747143
 31
0.0
  0
LINE
  5
102F8
330
1072D
100
AcDbEntity
  8
Shape004
100
AcDbLine
 10
179.6860791654583
 20
-218.0609807747143
 30
0.0
 11
179.5270791654582
 21
-217.8779807747143
 31
0.0
  0
LINE
  5
102F9
330
1072D
100
AcDbEntity
  8
Shape004
100
AcDbLine
 10
179.5270791654582
 20
-217.8779807747143
 30
0.0
 11
179.4000791654582
 21
-217.6709807747143
 31
0.0
  0
LINE
  5
102FA
330
1072D
100
AcDbEntity
  8
Shape004
100
AcDbLine
 10
179.4000791654582
 20
-217.6709807747143
 30
0.0
 11
179.3090791654582
 21
-217.4469807747143
 31
0.0
  0
LINE
  5
102FB
330
1072D
100
AcDbEntity
  8
Shape004
100
AcDbLine
 10
179.3090791654582
 20
-217.4469807747143
 30
0.0
 11
179.2560791654582
 21
-217.2099807747143
 31
0.0
  0
LINE
  5
102FC
330
1072D
100
AcDbEntity
  8
Shape004
100
AcDbLine
 10
179.2560791654582
 20
-217.2099807747143
 30
0.0
 11
179.2420791654582
 21
-216.9709807747143
 31
0.0
  0
LINE
  5
102FD
330
1072D
100
AcDbEntity
  8
Shape004
100
AcDbLine
 10
179.2420791654582
 20
-216.9709807747143
 30
0.0
 11
179.2420791654582
 21
-216.9679807747142
 31
0.0
  0
LINE
  5
102FE
330
1072D
100
AcDbEntity
  8
Shape004
100
AcDbLine
 10
179.2420791654582
 20
-216.9679807747142
 30
0.0
 11
179.2670791654583
 21
-216.7269807747143
 31
0.0
  0
LINE
  5
102FF
330
1072D
100
AcDbEntity
  8
Shape002
100
AcDbLine
 10
96.71747916545826
 20
-216.7269807747143
 30
0.0
 11
96.78227916545825
 21
-216.4929807747143
 31
0.0
  0
LINE
  5
10300
330
1072D
100
AcDbEntity
  8
Shape002
100
AcDbLine
 10
96.78227916545825
 20
-216.4929807747143
 30
0.0
 11
96.88437916545826
 21
-216.2729807747143
 31
0.0
  0
LINE
  5
10301
330
1072D
100
AcDbEntity
  8
Shape002
100
AcDbLine
 10
96.88437916545826
 20
-216.2729807747143
 30
0.0
 11
97.02107916545827
 21
-216.0729807747143
 31
0.0
  0
LINE
  5
10302
330
1072D
100
AcDbEntity
  8
Shape002
100
AcDbLine
 10
97.02107916545827
 20
-216.0729807747143
 30
0.0
 11
97.18867916545827
 21
-215.8969807747143
 31
0.0
  0
LINE
  5
10303
330
1072D
100
AcDbEntity
  8
Shape002
100
AcDbLine
 10
97.18867916545827
 20
-215.8969807747143
 30
0.0
 11
97.38257916545825
 21
-215.7519807747142
 31
0.0
  0
LINE
  5
10304
330
1072D
100
AcDbEntity
  8
Shape002
100
AcDbLine
 10
97.38257916545825
 20
-215.7519807747142
 30
0.0
 11
97.59767916545826
 21
-215.6399807747143
 31
0.0
  0
LINE
  5
10305
330
1072D
100
AcDbEntity
  8
Shape002
100
AcDbLine
 10
97.59767916545826
 20
-215.6399807747143
 30
0.0
 11
97.82817916545827
 21
-215.5639807747143
 31
0.0
  0
LINE
  5
10306
330
1072D
100
AcDbEntity
  8
Shape002
100
AcDbLine
 10
97.82817916545827
 20
-215.5639807747143
 30
0.0
 11
98.06797916545827
 21
-215.5279807747143
 31
0.0
  0
LINE
  5
10307
330
1072D
100
AcDbEntity
  8
Shape002
100
AcDbLine
 10
98.06797916545827
 20
-215.5279807747143
 30
0.0
 11
98.31047916545828
 21
-215.5309807747142
 31
0.0
  0
LINE
  5
10308
330
1072D
100
AcDbEntity
  8
Shape002
100
AcDbLine
 10
98.31047916545828
 20
-215.5309807747142
 30
0.0
 11
98.54917916545827
 21
-215.5729807747143
 31
0.0
  0
LINE
  5
10309
330
1072D
100
AcDbEntity
  8
Shape002
100
AcDbLine
 10
98.54917916545827
 20
-215.5729807747143
 30
0.0
 11
98.77777916545824
 21
-215.6539807747143
 31
0.0
  0
LINE
  5
1030A
330
1072D
100
AcDbEntity
  8
Shape002
100
AcDbLine
 10
98.77777916545824
 20
-215.6539807747143
 30
0.0
 11
98.99017916545824
 21
-215.7709807747142
 31
0.0
  0
LINE
  5
1030B
330
1072D
100
AcDbEntity
  8
Shape002
100
AcDbLine
 10
98.99017916545824
 20
-215.7709807747142
 30
0.0
 11
99.18047916545828
 21
-215.9219807747143
 31
0.0
  0
LINE
  5
1030C
330
1072D
100
AcDbEntity
  8
Shape002
100
AcDbLine
 10
99.18047916545828
 20
-215.9219807747143
 30
0.0
 11
99.34367916545824
 21
-216.1009807747143
 31
0.0
  0
LINE
  5
1030D
330
1072D
100
AcDbEntity
  8
Shape002
100
AcDbLine
 10
99.34367916545824
 20
-216.1009807747143
 30
0.0
 11
99.47537916545826
 21
-216.3049807747142
 31
0.0
  0
LINE
  5
1030E
330
1072D
100
AcDbEntity
  8
Shape002
100
AcDbLine
 10
99.47537916545826
 20
-216.3049807747142
 30
0.0
 11
99.57207916545826
 21
-216.5269807747143
 31
0.0
  0
LINE
  5
1030F
330
1072D
100
AcDbEntity
  8
Shape002
100
AcDbLine
 10
99.57207916545826
 20
-216.5269807747143
 30
0.0
 11
99.63117916545826
 21
-216.7619807747143
 31
0.0
  0
LINE
  5
10310
330
1072D
100
AcDbEntity
  8
Shape002
100
AcDbLine
 10
99.63117916545826
 20
-216.7619807747143
 30
0.0
 11
99.65107916545827
 21
-217.0039807747143
 31
0.0
  0
LINE
  5
10311
330
1072D
100
AcDbEntity
  8
Shape002
100
AcDbLine
 10
99.65107916545827
 20
-217.0039807747143
 30
0.0
 11
99.64927916545827
 21
-217.0759807747143
 31
0.0
  0
LINE
  5
10312
330
1072D
100
AcDbEntity
  8
Shape002
100
AcDbLine
 10
99.64927916545827
 20
-217.0759807747143
 30
0.0
 11
99.61767916545824
 21
-217.3169807747142
 31
0.0
  0
LINE
  5
10313
330
1072D
100
AcDbEntity
  8
Shape002
100
AcDbLine
 10
99.61767916545824
 20
-217.3169807747142
 30
0.0
 11
99.54717916545826
 21
-217.5489807747143
 31
0.0
  0
LINE
  5
10314
330
1072D
100
AcDbEntity
  8
Shape002
100
AcDbLine
 10
99.54717916545826
 20
-217.5489807747143
 30
0.0
 11
99.43967916545824
 21
-217.7659807747143
 31
0.0
  0
LINE
  5
10315
330
1072D
100
AcDbEntity
  8
Shape002
100
AcDbLine
 10
99.43967916545824
 20
-217.7659807747143
 30
0.0
 11
99.29817916545827
 21
-217.9629807747143
 31
0.0
  0
LINE
  5
10316
330
1072D
100
AcDbEntity
  8
Shape002
100
AcDbLine
 10
99.29817916545827
 20
-217.9629807747143
 30
0.0
 11
99.12637916545827
 21
-218.1339807747142
 31
0.0
  0
LINE
  5
10317
330
1072D
100
AcDbEntity
  8
Shape002
100
AcDbLine
 10
99.12637916545827
 20
-218.1339807747142
 30
0.0
 11
98.92897916545826
 21
-218.2749807747143
 31
0.0
  0
LINE
  5
10318
330
1072D
100
AcDbEntity
  8
Shape002
100
AcDbLine
 10
98.92897916545826
 20
-218.2749807747143
 30
0.0
 11
98.71117916545825
 21
-218.3819807747142
 31
0.0
  0
LINE
  5
10319
330
1072D
100
AcDbEntity
  8
Shape002
100
AcDbLine
 10
98.71117916545825
 20
-218.3819807747142
 30
0.0
 11
98.47887916545827
 21
-218.4519807747143
 31
0.0
  0
LINE
  5
1031A
330
1072D
100
AcDbEntity
  8
Shape002
100
AcDbLine
 10
98.47887916545827
 20
-218.4519807747143
 30
0.0
 11
98.23827916545827
 21
-218.4819807747143
 31
0.0
  0
LINE
  5
1031B
330
1072D
100
AcDbEntity
  8
Shape002
100
AcDbLine
 10
98.23827916545827
 20
-218.4819807747143
 30
0.0
 11
97.99597916545827
 21
-218.4729807747142
 31
0.0
  0
LINE
  5
1031C
330
1072D
100
AcDbEntity
  8
Shape002
100
AcDbLine
 10
97.99597916545827
 20
-218.4729807747142
 30
0.0
 11
97.75827916545825
 21
-218.4249807747142
 31
0.0
  0
LINE
  5
1031D
330
1072D
100
AcDbEntity
  8
Shape002
100
AcDbLine
 10
97.75827916545825
 20
-218.4249807747142
 30
0.0
 11
97.53177916545826
 21
-218.3389807747143
 31
0.0
  0
LINE
  5
1031E
330
1072D
100
AcDbEntity
  8
Shape002
100
AcDbLine
 10
97.53177916545826
 20
-218.3389807747143
 30
0.0
 11
97.32237916545824
 21
-218.2159807747142
 31
0.0
  0
LINE
  5
1031F
330
1072D
100
AcDbEntity
  8
Shape002
100
AcDbLine
 10
97.32237916545824
 20
-218.2159807747142
 30
0.0
 11
97.13577916545825
 21
-218.0609807747143
 31
0.0
  0
LINE
  5
10320
330
1072D
100
AcDbEntity
  8
Shape002
100
AcDbLine
 10
97.13577916545825
 20
-218.0609807747143
 30
0.0
 11
96.97697916545826
 21
-217.8779807747143
 31
0.0
  0
LINE
  5
10321
330
1072D
100
AcDbEntity
  8
Shape002
100
AcDbLine
 10
96.97697916545826
 20
-217.8779807747143
 30
0.0
 11
96.85027916545826
 21
-217.6709807747143
 31
0.0
  0
LINE
  5
10322
330
1072D
100
AcDbEntity
  8
Shape002
100
AcDbLine
 10
96.85027916545826
 20
-217.6709807747143
 30
0.0
 11
96.75897916545824
 21
-217.4469807747143
 31
0.0
  0
LINE
  5
10323
330
1072D
100
AcDbEntity
  8
Shape002
100
AcDbLine
 10
96.75897916545824
 20
-217.4469807747143
 30
0.0
 11
96.70567916545826
 21
-217.2099807747143
 31
0.0
  0
LINE
  5
10324
330
1072D
100
AcDbEntity
  8
Shape002
100
AcDbLine
 10
96.70567916545826
 20
-217.2099807747143
 30
0.0
 11
96.69187916545826
 21
-216.9709807747143
 31
0.0
  0
LINE
  5
10325
330
1072D
100
AcDbEntity
  8
Shape002
100
AcDbLine
 10
96.69187916545826
 20
-216.9709807747143
 30
0.0
 11
96.69167916545825
 21
-216.9679807747142
 31
0.0
  0
LINE
  5
10326
330
1072D
100
AcDbEntity
  8
Shape002
100
AcDbLine
 10
96.69167916545825
 20
-216.9679807747142
 30
0.0
 11
96.71747916545826
 21
-216.7269807747143
 31
0.0
  0
LINE
  5
1033A
330
1072D
100
AcDbEntity
  8
Shape
100
AcDbLine
 10
181.8960791654582
 20
-165.8175807747143
 30
0.0
 11
181.9040791654583
 21
-165.8200807747143
 31
0.0
  0
LINE
  5
1033B
330
1072D
100
AcDbEntity
  8
Shape
100
AcDbLine
 10
181.9040791654583
 20
-165.8200807747143
 30
0.0
 11
181.9120791654583
 21
-165.8187807747142
 31
0.0
  0
LINE
  5
1033C
330
1072D
100
AcDbEntity
  8
Shape
100
AcDbLine
 10
181.9120791654583
 20
-165.8187807747142
 30
0.0
 11
181.9320791654583
 21
-165.8294807747143
 31
0.0
  0
LINE
  5
1033D
330
1072D
100
AcDbEntity
  8
Shape
100
AcDbLine
 10
181.9320791654583
 20
-165.8294807747143
 30
0.0
 11
181.9550791654583
 21
-165.8366807747143
 31
0.0
  0
LINE
  5
1033E
330
1072D
100
AcDbEntity
  8
Shape
100
AcDbLine
 10
181.9550791654583
 20
-165.8366807747143
 30
0.0
 11
181.9590791654583
 21
-165.8431807747143
 31
0.0
  0
LINE
  5
1033F
330
1072D
100
AcDbEntity
  8
Shape
100
AcDbLine
 10
181.9590791654583
 20
-165.8431807747143
 30
0.0
 11
181.9670791654582
 21
-165.8468807747143
 31
0.0
  0
VIEWPORT
  5
10801
330
10729
100
AcDbEntity
 67
     1
  8
0
100
AcDbViewport
 10
5.25
 20
4.0
 30
0.0
 40
11.638
 41
8.993
 68
     1
 69
     1
 12
5.25
 22
4.0
 13
0.0
 23
0.0
 14
0.5
 24
0.5
 15
0.5
 25
0.5
 16
0.0
 26
0.0
 36
1.0
 17
0.0
 27
0.0
 37
0.0
 42
50.0
 43
0.0
 44
0.0
 45
8.993
 50
0.0
 51
0.0
 72
   100
 90
   557152
  1

281
     0
 71
     1
 74
     0
110
0.0
120
0.0
130
0.0
111
1.0
121
0.0
131
0.0
112
0.0
122
1.0
132
0.0
 79
     0
146
0.0
170
     0
 61
     5
348
1073D
292
     1
282
     1
141
0.0
142
0.0
 63
   256
361
10802
  0
ENDSEC
  0
SECTION
  2
OBJECTS
  0
DICTIONARY
  5
1071B
330
0
100
AcDbDictionary
281
     1
  3
ACAD_DETAILVIEWSTYLE
350
1080A
  3
ACAD_GROUP
350
1071C
  3
ACAD_LAYOUT
350
10728
  3
ACAD_MATERIAL
350
10751
  3
ACAD_MLEADERSTYLE
350
10779
  3
ACAD_MLINESTYLE
350
10725
  3
ACAD_PLOTSETTINGS
350
10727
  3
ACAD_PLOTSTYLENAME
350
1071D
  3
ACAD_SCALELIST
350
10755
  3
ACAD_SECTIONVIEWSTYLE
350
1080B
  3
ACAD_TABLESTYLE
350
10777
  3
ACAD_VISUALSTYLE
350
10738
  3
ACDB_RECOMPOSE_DATA
350
10807
  3
AcDbVariableDictionary
350
10803
  3
QCAD_OBJECTS
350
1077D
  0
SUN
  5
1077B
330
10737
100
AcDbSun
 90
        1
290
     0
 63
     7
421
 16777215
 40
1.0
291
     1
 91
  2455826
 92
 54000000
292
     0
 70
     2
 71
   256
280
     1
  0
SUN
  5
10802
330
10801
100
AcDbSun
 90
        1
290
     0
 63
     7
421
 16777215
 40
1.0
291
     1
 91
  2455826
 92
 54000000
292
     0
 70
     2
 71
   256
280
     1
  0
DICTIONARY
  5
1080A
102
{ACAD_REACTORS
330
1071B
102
}
330
1071B
100
AcDbDictionary
281
     1
  0
DICTIONARY
  5
1071C
102
{ACAD_REACTORS
330
1071B
102
}
330
1071B
100
AcDbDictionary
281
     1
  0
DICTIONARY
  5
10728
102
{ACAD_REACTORS
330
1071B
102
}
330
1071B
100
AcDbDictionary
281
     1
  3
Layout1
350
1072C
  3
Model
350
10730
  0
DICTIONARY
  5
10751
102
{ACAD_REACTORS
330
1071B
102
}
330
1071B
100
AcDbDictionary
281
     1
  3
ByBlock
350
10753
  3
ByLayer
350
10752
  3
Global
350
10754
  0
DICTIONARY
  5
10779
102
{ACAD_REACTORS
330
1071B
102
}
330
1071B
100
AcDbDictionary
281
     1
  3
Standard
350
1077A
  0
DICTIONARY
  5
10725
102
{ACAD_REACTORS
330
1071B
102
}
330
1071B
100
AcDbDictionary
281
     1
  3
Standard
350
10726
  0
DICTIONARY
  5
10727
102
{ACAD_REACTORS
330
1071B
102
}
330
1071B
100
AcDbDictionary
281
     1
  0
ACDBDICTIONARYWDFLT
  5
1071D
102
{ACAD_REACTORS
330
1071B
102
}
330
1071B
100
AcDbDictionary
281
     1
  3
Normal
350
1071E
100
AcDbDictionaryWithDefault
340
1071E
  0
DICTIONARY
  5
10755
102
{ACAD_REACTORS
330
1071B
102
}
330
1071B
100
AcDbDictionary
281
     1
  3
A0
350
10756
  3
A1
350
10757
  3
A2
350
10758
  3
A3
350
10759
  3
A4
350
1075A
  3
A5
350
1075B
  3
A6
350
1075C
  3
A7
350
1075D
  3
A8
350
1075E
  3
A9
350
1075F
  3
B0
350
10760
  3
B1
350
10761
  3
B2
350
10762
  3
B3
350
10763
  3
B4
350
10764
  3
B5
350
10765
  3
B6
350
10766
  3
B7
350
10767
  3
B8
350
10768
  3
B9
350
10769
  3
C0
350
1076A
  3
C1
350
1076B
  3
C2
350
1076C
  3
C3
350
1076D
  3
C4
350
1076E
  3
C5
350
1076F
  3
C6
350
10770
  3
C7
350
10771
  3
C8
350
10772
  3
C9
350
10773
  3
D0
350
10774
  3
D1
350
10775
  3
D2
350
10776
  0
DICTIONARY
  5
1080B
102
{ACAD_REACTORS
330
1071B
102
}
330
1071B
100
AcDbDictionary
281
     1
  0
DICTIONARY
  5
10777
102
{ACAD_REACTORS
330
1071B
102
}
330
1071B
100
AcDbDictionary
281
     1
  3
Standard
350
10778
  0
DICTIONARY
  5
10738
102
{ACAD_REACTORS
330
1071B
102
}
330
1071B
100
AcDbDictionary
281
     1
  3
2dWireframe
350
1073D
  3
Basic
350
10740
  3
Brighten
350
10744
  3
ColorChange
350
10748
  3
Conceptual
350
10742
  3
Dim
350
10743
  3
EdgeColorOff
350
1074B
  3
Facepattern
350
10747
  3
Flat
350
10739
  3
FlatWithEdges
350
1073A
  3
Gouraud
350
1073B
  3
GouraudWithEdges
350
1073C
  3
Hidden
350
1073F
  3
JitterOff
350
10749
  3
Linepattern
350
10746
  3
OverhangOff
350
1074A
  3
Realistic
350
10741
  3
Shaded
350
10750
  3
Shaded with edges
350
1074F
  3
Shades of Gray
350
1074C
  3
Sketchy
350
1074D
  3
Thicken
350
10745
  3
Wireframe
350
1073E
  3
X-Ray
350
1074E
  0
XRECORD
  5
10807
102
{ACAD_REACTORS
330
1071B
102
}
330
1071B
100
AcDbXrecord
280
     1
 90
        1
330
10778
  0
DICTIONARY
  5
10803
102
{ACAD_REACTORS
330
1071B
102
}
330
1071B
100
AcDbDictionary
281
     1
  3
CANNOSCALE
350
10804
  3
CMLEADERSTYLE
350
10809
  3
CTABLESTYLE
350
10808
  0
DICTIONARY
  5
1077D
102
{ACAD_REACTORS
330
1071B
102
}
330
1071B
100
AcDbDictionary
281
     1
  3
CamExport/ConfigV2
350
1077F
  3
ColorSettings/BackgroundColor
350
10780
  3
ColorSettings/ColorMode
350
10781
  3
Grid/DisplayGrid00
350
10782
  3
Grid/DisplayGrid01
350
10783
  3
Grid/DisplayGrid02
350
10784
  3
Grid/DisplayGrid03
350
10785
  3
Grid/GridSpacingX00
350
10786
  3
Grid/GridSpacingX01
350
10787
  3
Grid/GridSpacingX02
350
10788
  3
Grid/GridSpacingX03
350
10789
  3
Grid/GridSpacingY00
350
1078A
  3
Grid/GridSpacingY01
350
1078B
  3
Grid/GridSpacingY02
350
1078C
  3
Grid/GridSpacingY03
350
1078D
  3
Grid/IsometricGrid00
350
1078E
  3
Grid/IsometricGrid01
350
1078F
  3
Grid/IsometricGrid02
350
10790
  3
Grid/IsometricGrid03
350
10791
  3
Grid/IsometricProjection00
350
10792
  3
Grid/IsometricProjection01
350
10793
  3
Grid/IsometricProjection02
350
10794
  3
Grid/IsometricProjection03
350
10795
  3
Grid/MetaGridSpacingX00
350
10796
  3
Grid/MetaGridSpacingX01
350
10797
  3
Grid/MetaGridSpacingX02
350
10798
  3
Grid/MetaGridSpacingX03
350
10799
  3
Grid/MetaGridSpacingY00
350
1079A
  3
Grid/MetaGridSpacingY01
350
1079B
  3
Grid/MetaGridSpacingY02
350
1079C
  3
Grid/MetaGridSpacingY03
350
1079D
  3
MultiPageSettings/Columns
350
1079E
  3
MultiPageSettings/GlueMarginsBottom
350
1079F
  3
MultiPageSettings/GlueMarginsLeft
350
107A0
  3
MultiPageSettings/GlueMarginsRight
350
107A1
  3
MultiPageSettings/GlueMarginsTop
350
107A2
  3
MultiPageSettings/PrintCropMarks
350
107A3
  3
MultiPageSettings/Rows
350
107A4
  3
PageSettings/OffsetX
350
107A5
  3
PageSettings/OffsetY
350
107A6
  3
PageSettings/PageOrientation
350
107A7
  3
PageSettings/PaperHeight
350
107A8
  3
PageSettings/PaperWidth
350
107A9
  3
PageSettings/Scale
350
107AA
  3
PageSettings/ShowPaperBorders
350
107AB
  3
PageTagSettings/EnablePageTags
350
107AC
  3
PageTagSettings/TagAlignment
350
107AD
  3
PageTagSettings/TagFont
350
107AE
  3
PageTagSettings/TagPosition
350
107AF
  3
QCADVersion
350
107B0
  3
UnitSettings/PaperUnit
350
107B1
  3
ViewportCenter
350
107B2
  3
ViewportHeight
350
107B3
  3
ViewportWidth
350
107B4
  0
LAYOUT
  5
1072C
102
{ACAD_REACTORS
330
10728
102
}
330
10728
100
AcDbPlotSettings
  1

  2
none_device
  4
Letter_(8.50_x_11.00_Inches)
  6

 40
6.35
 41
6.35
 42
6.35001
 43
6.35001
 44
215.9
 45
279.4
 46
0.0
 47
0.0
 48
0.0
 49
0.0
140
0.0
141
0.0
142
1.0
143
1.0
 70
   688
 72
     0
 73
     1
 74
     5
  7

 75
    16
 76
     0
 77
     2
 78
   300
147
1.0
148
0.0
149
0.0
100
AcDbLayout
  1
Layout1
 70
     1
 71
     1
 10
-0.25
 20
-0.25
 11
10.75
 21
8.25
 12
0.0
 22
0.0
 32
0.0
 14
0.0
 24
0.0
 34
0.0
 15
50.0
 25
50.0
 35
50.0
146
0.0
 13
0.0
 23
0.0
 33
0.0
 16
1.0
 26
0.0
 36
0.0
 17
0.0
 27
1.0
 37
0.0
 76
     0
330
10729
331
10801
  0
LAYOUT
  5
10730
102
{ACAD_REACTORS
330
10728
102
}
330
10728
100
AcDbPlotSettings
  1

  2
none_device
  4
Letter_(8.50_x_11.00_Inches)
  6

 40
6.35
 41
6.35
 42
6.35000508
 43
6.35000508
 44
215.9
 45
279.4
 46
0.0
 47
0.0
 48
0.0
 49
0.0
140
0.0
141
0.0
142
1.0
143
1.0
 70
  1712
 72
     0
 73
     0
 74
     0
  7

 75
     0
 76
     0
 77
     2
 78
   300
147
1.0
148
0.0
149
0.0
100
AcDbLayout
  1
Model
 70
     1
 71
     0
 10
0.0
 20
0.0
 11
12.0
 21
9.0
 12
0.0
 22
0.0
 32
0.0
 14
93.863
 24
-219.6163539715774
 34
0.0
 15
199.9022047261981
 25
-54.8746
 35
0.0
146
0.0
 13
0.0
 23
0.0
 33
0.0
 16
1.0
 26
0.0
 36
0.0
 17
0.0
 27
1.0
 37
0.0
 76
     0
330
1072D
331
10737
  0
MATERIAL
  5
10753
102
{ACAD_REACTORS
330
10751
102
}
330
10751
100
AcDbMaterial
  1
ByBlock
 72
     1
 94
      127
  0
MATERIAL
  5
10752
102
{ACAD_REACTORS
330
10751
102
}
330
10751
100
AcDbMaterial
  1
ByLayer
 72
     1
 94
      127
  0
MATERIAL
  5
10754
102
{ACAD_REACTORS
330
10751
102
}
330
10751
100
AcDbMaterial
  1
Global
 72
     1
 94
      127
  0
MLEADERSTYLE
  5
1077A
102
{ACAD_REACTORS
330
10779
102
}
330
10779
100
AcDbMLeaderStyle
179
     2
170
     2
171
     1
172
     0
 90
        2
 40
0.0
 41
0.0
173
     1
 91
-1056964608
340
10722
 92
       -2
290
     1
 42
0.09
291
     1
 43
0.36
  3
Standard
341
0
 44
0.18
300

342
10720
174
     1
178
     6
175
     1
176
     0
 93
-1056964608
 45
0.18
292
     0
297
     0
 46
0.18
343
0
 94
-1056964608
 47
1.0
 49
1.0
140
1.0
293
     1
141
0.0
294
     1
177
     0
142
1.0
295
     0
296
     0
143
0.125
271
     0
272
     9
273
     9
298
     0
  0
MLINESTYLE
  5
10726
102
{ACAD_REACTORS
330
10725
102
}
330
10725
100
AcDbMlineStyle
  2
Standard
 70
     0
  3

 62
   256
 51
90.0
 52
90.0
 71
     2
 49
0.5
 62
   256
  6
BYLAYER
 49
-0.5
 62
   256
  6
BYLAYER
  0
ACDBPLACEHOLDER
  5
1071E
102
{ACAD_REACTORS
330
1071D
102
}
330
1071D
  0
SCALE
  5
10756
102
{ACAD_REACTORS
330
10755
102
}
330
10755
100
AcDbScale
 70
     0
300
1:1
140
1.0
141
1.0
290
     1
  0
SCALE
  5
10757
102
{ACAD_REACTORS
330
10755
102
}
330
10755
100
AcDbScale
 70
     0
300
1:2
140
1.0
141
2.0
290
     0
  0
SCALE
  5
10758
102
{ACAD_REACTORS
330
10755
102
}
330
10755
100
AcDbScale
 70
     0
300
1:4
140
1.0
141
4.0
290
     0
  0
SCALE
  5
10759
102
{ACAD_REACTORS
330
10755
102
}
330
10755
100
AcDbScale
 70
     0
300
1:5
140
1.0
141
5.0
290
     0
  0
SCALE
  5
1075A
102
{ACAD_REACTORS
330
10755
102
}
330
10755
100
AcDbScale
 70
     0
300
1:8
140
1.0
141
8.0
290
     0
  0
SCALE
  5
1075B
102
{ACAD_REACTORS
330
10755
102
}
330
10755
100
AcDbScale
 70
     0
300
1:10
140
1.0
141
10.0
290
     0
  0
SCALE
  5
1075C
102
{ACAD_REACTORS
330
10755
102
}
330
10755
100
AcDbScale
 70
     0
300
1:16
140
1.0
141
16.0
290
     0
  0
SCALE
  5
1075D
102
{ACAD_REACTORS
330
10755
102
}
330
10755
100
AcDbScale
 70
     0
300
1:20
140
1.0
141
20.0
290
     0
  0
SCALE
  5
1075E
102
{ACAD_REACTORS
330
10755
102
}
330
10755
100
AcDbScale
 70
     0
300
1:30
140
1.0
141
30.0
290
     0
  0
SCALE
  5
1075F
102
{ACAD_REACTORS
330
10755
102
}
330
10755
100
AcDbScale
 70
     0
300
1:40
140
1.0
141
40.0
290
     0
  0
SCALE
  5
10760
102
{ACAD_REACTORS
330
10755
102
}
330
10755
100
AcDbScale
 70
     0
300
1:50
140
1.0
141
50.0
290
     0
  0
SCALE
  5
10761
102
{ACAD_REACTORS
330
10755
102
}
330
10755
100
AcDbScale
 70
     0
300
1:100
140
1.0
141
100.0
290
     0
  0
SCALE
  5
10762
102
{ACAD_REACTORS
330
10755
102
}
330
10755
100
AcDbScale
 70
     0
300
2:1
140
2.0
141
1.0
290
     0
  0
SCALE
  5
10763
102
{ACAD_REACTORS
330
10755
102
}
330
10755
100
AcDbScale
 70
     0
300
4:1
140
4.0
141
1.0
290
     0
  0
SCALE
  5
10764
102
{ACAD_REACTORS
330
10755
102
}
330
10755
100
AcDbScale
 70
     0
300
8:1
140
8.0
141
1.0
290
     0
  0
SCALE
  5
10765
102
{ACAD_REACTORS
330
10755
102
}
330
10755
100
AcDbScale
 70
     0
300
10:1
140
10.0
141
1.0
290
     0
  0
SCALE
  5
10766
102
{ACAD_REACTORS
330
10755
102
}
330
10755
100
AcDbScale
 70
     0
300
100:1
140
100.0
141
1.0
290
     0
  0
SCALE
  5
10767
102
{ACAD_REACTORS
330
10755
102
}
330
10755
100
AcDbScale
 70
     0
300
1/128" = 1'-0"
140
0.0078125
141
12.0
290
     0
  0
SCALE
  5
10768
102
{ACAD_REACTORS
330
10755
102
}
330
10755
100
AcDbScale
 70
     0
300
1/64" = 1'-0"
140
0.015625
141
12.0
290
     0
  0
SCALE
  5
10769
102
{ACAD_REACTORS
330
10755
102
}
330
10755
100
AcDbScale
 70
     0
300
1/32" = 1'-0"
140
0.03125
141
12.0
290
     0
  0
SCALE
  5
1076A
102
{ACAD_REACTORS
330
10755
102
}
330
10755
100
AcDbScale
 70
     0
300
1/16" = 1'-0"
140
0.0625
141
12.0
290
     0
  0
SCALE
  5
1076B
102
{ACAD_REACTORS
330
10755
102
}
330
10755
100
AcDbScale
 70
     0
300
3/32" = 1'-0"
140
0.09375
141
12.0
290
     0
  0
SCALE
  5
1076C
102
{ACAD_REACTORS
330
10755
102
}
330
10755
100
AcDbScale
 70
     0
300
1/8" = 1'-0"
140
0.125
141
12.0
290
     0
  0
SCALE
  5
1076D
102
{ACAD_REACTORS
330
10755
102
}
330
10755
100
AcDbScale
 70
     0
300
3/16" = 1'-0"
140
0.1875
141
12.0
290
     0
  0
SCALE
  5
1076E
102
{ACAD_REACTORS
330
10755
102
}
330
10755
100
AcDbScale
 70
     0
300
1/4" = 1'-0"
140
0.25
141
12.0
290
     0
  0
SCALE
  5
1076F
102
{ACAD_REACTORS
330
10755
102
}
330
10755
100
AcDbScale
 70
     0
300
3/8" = 1'-0"
140
0.375
141
12.0
290
     0
  0
SCALE
  5
10770
102
{ACAD_REACTORS
330
10755
102
}
330
10755
100
AcDbScale
 70
     0
300
1/2" = 1'-0"
140
0.5
141
12.0
290
     0
  0
SCALE
  5
10771
102
{ACAD_REACTORS
330
10755
102
}
330
10755
100
AcDbScale
 70
     0
300
3/4" = 1'-0"
140
0.75
141
12.0
290
     0
  0
SCALE
  5
10772
102
{ACAD_REACTORS
330
10755
102
}
330
10755
100
AcDbScale
 70
     0
300
1" = 1'-0"
140
1.0
141
12.0
290
     0
  0
SCALE
  5
10773
102
{ACAD_REACTORS
330
10755
102
}
330
10755
100
AcDbScale
 70
     0
300
1-1/2" = 1'-0"
140
1.5
141
12.0
290
     0
  0
SCALE
  5
10774
102
{ACAD_REACTORS
330
10755
102
}
330
10755
100
AcDbScale
 70
     0
300
3" = 1'-0"
140
3.0
141
12.0
290
     0
  0
SCALE
  5
10775
102
{ACAD_REACTORS
330
10755
102
}
330
10755
100
AcDbScale
 70
     0
300
6" = 1'-0"
140
6.0
141
12.0
290
     0
  0
SCALE
  5
10776
102
{ACAD_REACTORS
330
10755
102
}
330
10755
100
AcDbScale
 70
     0
300
1'-0" = 1'-0"
140
12.0
141
12.0
290
     0
  0
TABLESTYLE
  5
10778
102
{ACAD_REACTORS
330
10777
102
}
102
{ACAD_XDICTIONARY
360
10805
102
}
330
10777
100
AcDbTableStyle
  3
Standard
 70
     0
 71
     0
 40
0.06
 41
0.06
280
     0
281
     0
  7
Standard
140
0.18
170
     2
 62
     0
 63
   257
283
     0
 90
        4
 91
        0
  1

274
    -2
284
     1
 64
     0
275
    -2
285
     1
 65
     0
276
    -2
286
     1
 66
     0
277
    -2
287
     1
 67
     0
278
    -2
288
     1
 68
     0
279
    -2
289
     1
 69
     0
  7
Standard
140
0.25
170
     5
 62
     0
 63
   257
283
     0
 90
        4
 91
        0
  1

274
    -2
284
     1
 64
     0
275
    -2
285
     1
 65
     0
276
    -2
286
     1
 66
     0
277
    -2
287
     1
 67
     0
278
    -2
288
     1
 68
     0
279
    -2
289
     1
 69
     0
  7
Standard
140
0.18
170
     5
 62
     0
 63
   257
283
     0
 90
        4
 91
        0
  1

274
    -2
284
     1
 64
     0
275
    -2
285
     1
 65
     0
276
    -2
286
     1
 66
     0
277
    -2
287
     1
 67
     0
278
    -2
288
     1
 68
     0
279
    -2
289
     1
 69
     0
  0
VISUALSTYLE
  5
1073D
102
{ACAD_REACTORS
330
10738
102
}
330
10738
100
AcDbVisualStyle
  2
2dWireframe
 70
     4
177
     3
291
     0
 70
    58
 90
        0
176
     1
 90
        2
176
     1
 90
        0
176
     1
 90
        0
176
     1
 40
0.6
176
     1
 40
30.0
176
     1
 62
     7
420
 16777215
176
     1
 90
        1
176
     1
 90
        4
176
     1
 62
     7
176
     1
 62
   257
176
     1
 90
        1
176
     1
 90
        1
176
     1
 40
1.0
176
     1
 90
        0
176
     1
 62
   257
176
     1
 40
1.0
176
     1
 90
        1
176
     1
 90
        6
176
     1
 90
        2
176
     1
 62
     7
176
     1
 90
        5
176
     1
 90
        0
176
     1
 90
        0
176
     1
290
     0
176
     1
 90
        1
176
     1
 40
0.0
176
     1
 90
        0
176
     1
290
     1
176
     1
290
     1
176
     1
290
     0
176
     1
290
     0
176
     1
290
     0
176
     1
290
     0
176
     1
290
     0
176
     1
290
     0
176
     1
290
     0
176
     1
 90
       50
176
     1
 40
0.0
176
     1
 40
1.0
176
     1
 90
        0
176
     1
 62
   178
420
        0
176
     1
 90
       50
176
     1
 90
        3
176
     1
 62
     5
420
      255
176
     1
290
     0
176
     1
 90
       50
176
     1
 90
       50
176
     1
 90
       50
176
     1
290
     0
176
     1
 90
       50
176
     1
 62
   256
176
     0
 40
1.0
176
     0
 90
        2
176
     1
  1
strokes_ogs.tif
176
     1
290
     0
176
     1
 40
1.0
176
     1
 40
1.0
176
     1
  0
VISUALSTYLE
  5
10740
102
{ACAD_REACTORS
330
10738
102
}
330
10738
100
AcDbVisualStyle
  2
Basic
 70
     7
177
     3
291
     1
 70
    58
 90
        1
176
     1
 90
        0
176
     1
 90
        1
176
     1
 90
        0
176
     1
 40
0.6
176
     1
 40
30.0
176
     1
 62
     7
420
 16777215
176
     1
 90
        0
176
     1
 90
        4
176
     1
 62
     7
176
     1
 62
   257
176
     1
 90
        1
176
     1
 90
        1
176
     1
 40
1.0
176
     1
 90
        8
176
     1
 62
     7
176
     1
 40
1.0
176
     1
 90
        1
176
     1
 90
        6
176
     1
 90
        2
176
     1
 62
     7
176
     1
 90
        5
176
     1
 90
        0
176
     1
 90
        0
176
     1
290
     0
176
     1
 90
        1
176
     1
 40
0.0
176
     1
 90
        0
176
     1
290
     0
176
     1
290
     1
176
     1
290
     1
176
     1
290
     0
176
     1
290
     0
176
     1
290
     0
176
     1
290
     0
176
     1
290
     0
176
     1
290
     0
176
     1
 90
       50
176
     1
 40
0.0
176
     1
 40
1.0
176
     1
 90
        0
176
     1
 62
   178
420
        0
176
     1
 90
       50
176
     1
 90
        3
176
     1
 62
     5
420
      255
176
     1
290
     0
176
     1
 90
       50
176
     1
 90
       50
176
     1
 90
       50
176
     1
290
     0
176
     1
 90
       50
176
     1
 62
   256
176
     0
 40
1.0
176
     0
 90
        2
176
     1
  1
strokes_ogs.tif
176
     1
290
     0
176
     1
 40
1.0
176
     1
 40
1.0
176
     1
  0
VISUALSTYLE
  5
10744
102
{ACAD_REACTORS
330
10738
102
}
330
10738
100
AcDbVisualStyle
  2
Brighten
 70
    12
177
     3
291
     1
 70
    58
 90
        2
176
     1
 90
        2
176
     1
 90
        0
176
     1
 90
        0
176
     1
 40
0.6
176
     1
 40
30.0
176
     1
 62
     7
420
 16777215
176
     1
 90
        1
176
     1
 90
        4
176
     1
 62
     7
176
     1
 62
   257
176
     1
 90
        1
176
     1
 90
        1
176
     1
 40
1.0
176
     1
 90
        8
176
     1
 62
     7
176
     1
 40
1.0
176
     1
 90
        1
176
     1
 90
        6
176
     1
 90
        2
176
     1
 62
     7
176
     1
 90
        5
176
     1
 90
        0
176
     1
 90
        0
176
     1
290
     0
176
     1
 90
        1
176
     1
 40
50.0
176
     1
 90
        0
176
     1
290
     0
176
     1
290
     1
176
     1
290
     1
176
     1
290
     0
176
     1
290
     0
176
     1
290
     0
176
     1
290
     0
176
     1
290
     0
176
     1
290
     0
176
     1
 90
       50
176
     1
 40
0.0
176
     1
 40
1.0
176
     1
 90
        0
176
     1
 62
   178
420
        0
176
     1
 90
       50
176
     1
 90
        3
176
     1
 62
     5
420
      255
176
     1
290
     0
176
     1
 90
       50
176
     1
 90
       50
176
     1
 90
       50
176
     1
290
     0
176
     1
 90
       50
176
     1
 62
   256
176
     0
 40
1.0
176
     0
 90
        2
176
     1
  1
strokes_ogs.tif
176
     1
290
     0
176
     1
 40
1.0
176
     1
 40
1.0
176
     1
  0
VISUALSTYLE
  5
10748
102
{ACAD_REACTORS
330
10738
102
}
330
10738
100
AcDbVisualStyle
  2
ColorChange
 70
    16
177
     3
291
     1
 70
    58
 90
        2
176
     1
 90
        2
176
     1
 90
        3
176
     1
 90
        0
176
     1
 40
0.6
176
     1
 40
30.0
176
     1
 62
     8
420
  8421504
176
     1
 90
        1
176
     1
 90
        4
176
     1
 62
     7
176
     1
 62
   257
176
     1
 90
        1
176
     1
 90
        1
176
     1
 40
1.0
176
     1
 90
        8
176
     1
 62
     8
420
  8421504
176
     1
 40
1.0
176
     1
 90
        1
176
     1
 90
        6
176
     1
 90
        2
176
     1
 62
     7
176
     1
 90
        5
176
     1
 90
        0
176
     1
 90
        0
176
     1
290
     0
176
     1
 90
        1
176
     1
 40
0.0
176
     1
 90
        0
176
     1
290
     0
176
     1
290
     1
176
     1
290
     1
176
     1
290
     0
176
     1
290
     0
176
     1
290
     0
176
     1
290
     0
176
     1
290
     0
176
     1
290
     0
176
     1
 90
       50
176
     1
 40
0.0
176
     1
 40
1.0
176
     1
 90
        0
176
     1
 62
   178
420
        0
176
     1
 90
       50
176
     1
 90
        3
176
     1
 62
     5
420
      255
176
     1
290
     0
176
     1
 90
       50
176
     1
 90
       50
176
     1
 90
       50
176
     1
290
     0
176
     1
 90
       50
176
     1
 62
   256
176
     0
 40
1.0
176
     0
 90
        2
176
     1
  1
strokes_ogs.tif
176
     1
290
     0
176
     1
 40
1.0
176
     1
 40
1.0
176
     1
  0
VISUALSTYLE
  5
10742
102
{ACAD_REACTORS
330
10738
102
}
330
10738
100
AcDbVisualStyle
  2
Conceptual
 70
     9
177
     3
291
     0
 70
    58
 90
        3
176
     1
 90
        2
176
     1
 90
        0
176
     1
 90
        0
176
     1
 40
0.6
176
     1
 40
30.0
176
     1
 62
     7
420
 16777215
176
     1
 90
        2
176
     1
 90
        2
176
     1
 62
     7
176
     1
 62
   257
176
     1
 90
        1
176
     1
 90
        1
176
     1
 40
179.0
176
     1
 90
        8
176
     1
 62
     7
176
     1
 40
1.0
176
     1
 90
        1
176
     1
 90
        6
176
     1
 90
        2
176
     1
 62
     7
176
     1
 90
        3
176
     1
 90
        0
176
     1
 90
        0
176
     1
290
     0
176
     1
 90
        1
176
     1
 40
0.0
176
     1
 90
        0
176
     1
290
     0
176
     1
290
     1
176
     1
290
     1
176
     1
290
     0
176
     1
290
     0
176
     1
290
     0
176
     1
290
     0
176
     1
290
     0
176
     1
290
     0
176
     1
 90
       50
176
     1
 40
0.0
176
     1
 40
1.0
176
     1
 90
        0
176
     1
 62
   178
420
        0
176
     1
 90
       50
176
     1
 90
        3
176
     1
 62
     5
420
      255
176
     1
290
     0
176
     1
 90
       50
176
     1
 90
       50
176
     1
 90
       50
176
     1
290
     0
176
     1
 90
       50
176
     1
 62
   256
176
     0
 40
1.0
176
     0
 90
        2
176
     1
  1
strokes_ogs.tif
176
     1
290
     0
176
     1
 40
1.0
176
     1
 40
1.0
176
     1
  0
VISUALSTYLE
  5
10743
102
{ACAD_REACTORS
330
10738
102
}
330
10738
100
AcDbVisualStyle
  2
Dim
 70
    11
177
     3
291
     1
 70
    58
 90
        2
176
     1
 90
        2
176
     1
 90
        0
176
     1
 90
        0
176
     1
 40
0.6
176
     1
 40
30.0
176
     1
 62
     7
420
 16777215
176
     1
 90
        1
176
     1
 90
        4
176
     1
 62
     7
176
     1
 62
   257
176
     1
 90
        1
176
     1
 90
        1
176
     1
 40
1.0
176
     1
 90
        8
176
     1
 62
     7
176
     1
 40
1.0
176
     1
 90
        1
176
     1
 90
        6
176
     1
 90
        2
176
     1
 62
     7
176
     1
 90
        5
176
     1
 90
        0
176
     1
 90
        0
176
     1
290
     0
176
     1
 90
        1
176
     1
 40
-50.0
176
     1
 90
        0
176
     1
290
     0
176
     1
290
     1
176
     1
290
     1
176
     1
290
     0
176
     1
290
     0
176
     1
290
     0
176
     1
290
     0
176
     1
290
     0
176
     1
290
     0
176
     1
 90
       50
176
     1
 40
0.0
176
     1
 40
1.0
176
     1
 90
        0
176
     1
 62
   178
420
        0
176
     1
 90
       50
176
     1
 90
        3
176
     1
 62
     5
420
      255
176
     1
290
     0
176
     1
 90
       50
176
     1
 90
       50
176
     1
 90
       50
176
     1
290
     0
176
     1
 90
       50
176
     1
 62
   256
176
     0
 40
1.0
176
     0
 90
        2
176
     1
  1
strokes_ogs.tif
176
     1
290
     0
176
     1
 40
1.0
176
     1
 40
1.0
176
     1
  0
VISUALSTYLE
  5
1074B
102
{ACAD_REACTORS
330
10738
102
}
330
10738
100
AcDbVisualStyle
  2
EdgeColorOff
 70
    22
177
     3
291
     1
 70
    58
 90
        2
176
     0
 90
        2
176
     0
 90
        0
176
     0
 90
        0
176
     0
 40
0.6
176
     0
 40
30.0
176
     0
 62
     7
420
 16777215
176
     0
 90
        1
176
     0
 90
        4
176
     0
 62
     7
176
     0
 62
   257
176
     0
 90
        1
176
     0
 90
        1
176
     0
 40
1.0
176
     0
 90
        8
176
     2
 62
     7
176
     0
 40
1.0
176
     0
 90
        1
176
     0
 90
        6
176
     0
 90
        2
176
     0
 62
     7
176
     0
 90
        5
176
     0
 90
        0
176
     0
 90
        0
176
     0
290
     0
176
     0
 90
        1
176
     0
 40
0.0
176
     0
 90
        0
176
     0
290
     0
176
     0
290
     1
176
     0
290
     1
176
     0
290
     0
176
     0
290
     0
176
     0
290
     0
176
     0
290
     0
176
     0
290
     0
176
     0
290
     0
176
     0
 90
       50
176
     0
 40
0.0
176
     0
 40
1.0
176
     0
 90
        0
176
     0
 62
   178
420
        0
176
     0
 90
       50
176
     0
 90
        3
176
     0
 62
     5
420
      255
176
     0
290
     0
176
     0
 90
       50
176
     0
 90
       50
176
     0
 90
       50
176
     0
290
     0
176
     0
 90
       50
176
     0
 62
   256
176
     0
 40
1.0
176
     0
 90
        2
176
     0
  1
strokes_ogs.tif
176
     0
290
     0
176
     0
 40
1.0
176
     0
 40
1.0
176
     0
  0
VISUALSTYLE
  5
10747
102
{ACAD_REACTORS
330
10738
102
}
330
10738
100
AcDbVisualStyle
  2
Facepattern
 70
    15
177
     3
291
     1
 70
    58
 90
        2
176
     1
 90
        2
176
     1
 90
        0
176
     1
 90
        0
176
     1
 40
0.6
176
     1
 40
30.0
176
     1
 62
     7
420
 16777215
176
     1
 90
        1
176
     1
 90
        4
176
     1
 62
     7
176
     1
 62
   257
176
     1
 90
        1
176
     1
 90
        1
176
     1
 40
1.0
176
     1
 90
        8
176
     1
 62
     7
176
     1
 40
1.0
176
     1
 90
        1
176
     1
 90
        6
176
     1
 90
        2
176
     1
 62
     7
176
     1
 90
        5
176
     1
 90
        0
176
     1
 90
        0
176
     1
290
     0
176
     1
 90
        1
176
     1
 40
0.0
176
     1
 90
        0
176
     1
290
     0
176
     1
290
     1
176
     1
290
     1
176
     1
290
     0
176
     1
290
     0
176
     1
290
     0
176
     1
290
     0
176
     1
290
     0
176
     1
290
     0
176
     1
 90
       50
176
     1
 40
0.0
176
     1
 40
1.0
176
     1
 90
        0
176
     1
 62
   178
420
        0
176
     1
 90
       50
176
     1
 90
        3
176
     1
 62
     5
420
      255
176
     1
290
     0
176
     1
 90
       50
176
     1
 90
       50
176
     1
 90
       50
176
     1
290
     0
176
     1
 90
       50
176
     1
 62
   256
176
     0
 40
1.0
176
     0
 90
        2
176
     1
  1
strokes_ogs.tif
176
     1
290
     0
176
     1
 40
1.0
176
     1
 40
1.0
176
     1
  0
VISUALSTYLE
  5
10739
102
{ACAD_REACTORS
330
10738
102
}
330
10738
100
AcDbVisualStyle
  2
Flat
 70
     0
177
     3
291
     1
 70
    58
 90
        2
176
     1
 90
        1
176
     1
 90
        1
176
     1
 90
        2
176
     1
 40
0.6
176
     1
 40
30.0
176
     1
 62
     7
420
 16777215
176
     1
 90
        0
176
     1
 90
        0
176
     1
 62
     7
176
     1
 62
   257
176
     1
 90
        1
176
     1
 90
        1
176
     1
 40
1.0
176
     1
 90
        8
176
     1
 62
     7
176
     1
 40
1.0
176
     1
 90
        1
176
     1
 90
        6
176
     1
 90
        2
176
     1
 62
     7
176
     1
 90
        5
176
     1
 90
        0
176
     1
 90
        0
176
     1
290
     0
176
     1
 90
       13
176
     1
 40
0.0
176
     1
 90
        0
176
     1
290
     0
176
     1
290
     1
176
     1
290
     1
176
     1
290
     0
176
     1
290
     0
176
     1
290
     0
176
     1
290
     0
176
     1
290
     0
176
     1
290
     0
176
     1
 90
       50
176
     1
 40
0.0
176
     1
 40
1.0
176
     1
 90
        0
176
     1
 62
   178
420
        0
176
     1
 90
       50
176
     1
 90
        3
176
     1
 62
     5
420
      255
176
     1
290
     0
176
     1
 90
       50
176
     1
 90
       50
176
     1
 90
       50
176
     1
290
     0
176
     1
 90
       50
176
     1
 62
   256
176
     0
 40
1.0
176
     0
 90
        2
176
     1
  1
strokes_ogs.tif
176
     1
290
     0
176
     1
 40
1.0
176
     1
 40
1.0
176
     1
  0
VISUALSTYLE
  5
1073A
102
{ACAD_REACTORS
330
10738
102
}
330
10738
100
AcDbVisualStyle
  2
FlatWithEdges
 70
     1
177
     3
291
     1
 70
    58
 90
        2
176
     1
 90
        1
176
     1
 90
        1
176
     1
 90
        2
176
     1
 40
0.6
176
     1
 40
30.0
176
     1
 62
     7
420
 16777215
176
     1
 90
        1
176
     1
 90
        0
176
     1
 62
     7
176
     1
 62
   257
176
     1
 90
        1
176
     1
 90
        1
176
     1
 40
1.0
176
     1
 90
        0
176
     1
 62
   257
176
     1
 40
1.0
176
     1
 90
        1
176
     1
 90
        6
176
     1
 90
        2
176
     1
 62
     7
176
     1
 90
        5
176
     1
 90
        0
176
     1
 90
        0
176
     1
290
     0
176
     1
 90
       13
176
     1
 40
0.0
176
     1
 90
        0
176
     1
290
     0
176
     1
290
     1
176
     1
290
     1
176
     1
290
     0
176
     1
290
     0
176
     1
290
     0
176
     1
290
     0
176
     1
290
     0
176
     1
290
     0
176
     1
 90
       50
176
     1
 40
0.0
176
     1
 40
1.0
176
     1
 90
        0
176
     1
 62
   178
420
        0
176
     1
 90
       50
176
     1
 90
        3
176
     1
 62
     5
420
      255
176
     1
290
     0
176
     1
 90
       50
176
     1
 90
       50
176
     1
 90
       50
176
     1
290
     0
176
     1
 90
       50
176
     1
 62
   256
176
     0
 40
1.0
176
     0
 90
        2
176
     1
  1
strokes_ogs.tif
176
     1
290
     0
176
     1
 40
1.0
176
     1
 40
1.0
176
     1
  0
VISUALSTYLE
  5
1073B
102
{ACAD_REACTORS
330
10738
102
}
330
10738
100
AcDbVisualStyle
  2
Gouraud
 70
     2
177
     3
291
     1
 70
    58
 90
        2
176
     1
 90
        2
176
     1
 90
        1
176
     1
 90
        2
176
     1
 40
0.6
176
     1
 40
30.0
176
     1
 62
     7
420
 16777215
176
     1
 90
        0
176
     1
 90
        0
176
     1
 62
     7
176
     1
 62
   257
176
     1
 90
        1
176
     1
 90
        1
176
     1
 40
1.0
176
     1
 90
        0
176
     1
 62
     7
176
     1
 40
1.0
176
     1
 90
        1
176
     1
 90
        6
176
     1
 90
        2
176
     1
 62
     7
176
     1
 90
        5
176
     1
 90
        0
176
     1
 90
        0
176
     1
290
     0
176
     1
 90
       13
176
     1
 40
0.0
176
     1
 90
        0
176
     1
290
     0
176
     1
290
     1
176
     1
290
     1
176
     1
290
     0
176
     1
290
     0
176
     1
290
     0
176
     1
290
     0
176
     1
290
     0
176
     1
290
     0
176
     1
 90
       50
176
     1
 40
0.0
176
     1
 40
1.0
176
     1
 90
        0
176
     1
 62
   178
420
        0
176
     1
 90
       50
176
     1
 90
        3
176
     1
 62
     5
420
      255
176
     1
290
     0
176
     1
 90
       50
176
     1
 90
       50
176
     1
 90
       50
176
     1
290
     0
176
     1
 90
       50
176
     1
 62
   256
176
     0
 40
1.0
176
     0
 90
        2
176
     1
  1
strokes_ogs.tif
176
     1
290
     0
176
     1
 40
1.0
176
     1
 40
1.0
176
     1
  0
VISUALSTYLE
  5
1073C
102
{ACAD_REACTORS
330
10738
102
}
330
10738
100
AcDbVisualStyle
  2
GouraudWithEdges
 70
     3
177
     3
291
     1
 70
    58
 90
        2
176
     1
 90
        2
176
     1
 90
        1
176
     1
 90
        2
176
     1
 40
0.6
176
     1
 40
30.0
176
     1
 62
     7
420
 16777215
176
     1
 90
        1
176
     1
 90
        0
176
     1
 62
     7
176
     1
 62
   257
176
     1
 90
        1
176
     1
 90
        1
176
     1
 40
1.0
176
     1
 90
        0
176
     1
 62
   257
176
     1
 40
1.0
176
     1
 90
        1
176
     1
 90
        6
176
     1
 90
        2
176
     1
 62
     7
176
     1
 90
        5
176
     1
 90
        0
176
     1
 90
        0
176
     1
290
     0
176
     1
 90
       13
176
     1
 40
0.0
176
     1
 90
        0
176
     1
290
     0
176
     1
290
     1
176
     1
290
     1
176
     1
290
     0
176
     1
290
     0
176
     1
290
     0
176
     1
290
     0
176
     1
290
     0
176
     1
290
     0
176
     1
 90
       50
176
     1
 40
0.0
176
     1
 40
1.0
176
     1
 90
        0
176
     1
 62
   178
420
        0
176
     1
 90
       50
176
     1
 90
        3
176
     1
 62
     5
420
      255
176
     1
290
     0
176
     1
 90
       50
176
     1
 90
       50
176
     1
 90
       50
176
     1
290
     0
176
     1
 90
       50
176
     1
 62
   256
176
     0
 40
1.0
176
     0
 90
        2
176
     1
  1
strokes_ogs.tif
176
     1
290
     0
176
     1
 40
1.0
176
     1
 40
1.0
176
     1
  0
VISUALSTYLE
  5
1073F
102
{ACAD_REACTORS
330
10738
102
}
330
10738
100
AcDbVisualStyle
  2
Hidden
 70
     6
177
     3
291
     0
 70
    58
 90
        1
176
     1
 90
        2
176
     1
 90
        2
176
     1
 90
        0
176
     1
 40
0.6
176
     1
 40
30.0
176
     1
 62
     7
420
 16777215
176
     1
 90
        2
176
     1
 90
        2
176
     1
 62
     7
176
     1
 62
   257
176
     1
 90
        2
176
     1
 90
        1
176
     1
 40
40.0
176
     1
 90
        0
176
     1
 62
   257
176
     1
 40
1.0
176
     1
 90
        1
176
     1
 90
        6
176
     1
 90
        2
176
     1
 62
     7
176
     1
 90
        3
176
     1
 90
        0
176
     1
 90
        0
176
     1
290
     0
176
     1
 90
        1
176
     1
 40
0.0
176
     1
 90
        0
176
     1
290
     0
176
     1
290
     1
176
     1
290
     1
176
     1
290
     0
176
     1
290
     0
176
     1
290
     0
176
     1
290
     0
176
     1
290
     0
176
     1
290
     0
176
     1
 90
       50
176
     1
 40
0.0
176
     1
 40
1.0
176
     1
 90
        0
176
     1
 62
   178
420
        0
176
     1
 90
       50
176
     1
 90
        3
176
     1
 62
     5
420
      255
176
     1
290
     0
176
     1
 90
       50
176
     1
 90
       50
176
     1
 90
       50
176
     1
290
     0
176
     1
 90
       50
176
     1
 62
   256
176
     0
 40
1.0
176
     0
 90
        2
176
     1
  1
strokes_ogs.tif
176
     1
290
     0
176
     1
 40
1.0
176
     1
 40
1.0
176
     1
  0
VISUALSTYLE
  5
10749
102
{ACAD_REACTORS
330
10738
102
}
330
10738
100
AcDbVisualStyle
  2
JitterOff
 70
    20
177
     3
291
     1
 70
    58
 90
        2
176
     0
 90
        2
176
     0
 90
        0
176
     0
 90
        0
176
     0
 40
0.6
176
     0
 40
30.0
176
     0
 62
     7
420
 16777215
176
     0
 90
        1
176
     0
 90
        4
176
     0
 62
     7
176
     0
 62
   257
176
     0
 90
        1
176
     0
 90
        1
176
     0
 40
1.0
176
     0
 90
       10
176
     2
 62
     7
176
     0
 40
1.0
176
     0
 90
        1
176
     0
 90
        6
176
     0
 90
        2
176
     0
 62
     7
176
     0
 90
        5
176
     0
 90
        0
176
     0
 90
        0
176
     0
290
     0
176
     0
 90
        1
176
     0
 40
0.0
176
     0
 90
        0
176
     0
290
     0
176
     0
290
     1
176
     0
290
     1
176
     0
290
     0
176
     0
290
     0
176
     0
290
     0
176
     0
290
     0
176
     0
290
     0
176
     0
290
     0
176
     0
 90
       50
176
     0
 40
0.0
176
     0
 40
1.0
176
     0
 90
        0
176
     0
 62
   178
420
        0
176
     0
 90
       50
176
     0
 90
        3
176
     0
 62
     5
420
      255
176
     0
290
     0
176
     0
 90
       50
176
     0
 90
       50
176
     0
 90
       50
176
     0
290
     0
176
     0
 90
       50
176
     0
 62
   256
176
     0
 40
1.0
176
     0
 90
        2
176
     0
  1
strokes_ogs.tif
176
     0
290
     0
176
     0
 40
1.0
176
     0
 40
1.0
176
     0
  0
VISUALSTYLE
  5
10746
102
{ACAD_REACTORS
330
10738
102
}
330
10738
100
AcDbVisualStyle
  2
Linepattern
 70
    14
177
     3
291
     1
 70
    58
 90
        2
176
     1
 90
        2
176
     1
 90
        0
176
     1
 90
        0
176
     1
 40
0.6
176
     1
 40
30.0
176
     1
 62
     7
420
 16777215
176
     1
 90
        1
176
     1
 90
        4
176
     1
 62
     7
176
     1
 62
   257
176
     1
 90
        7
176
     1
 90
        7
176
     1
 40
1.0
176
     1
 90
        8
176
     1
 62
     7
176
     1
 40
1.0
176
     1
 90
        1
176
     1
 90
        6
176
     1
 90
        2
176
     1
 62
     7
176
     1
 90
        5
176
     1
 90
        0
176
     1
 90
        0
176
     1
290
     0
176
     1
 90
        1
176
     1
 40
0.0
176
     1
 90
        0
176
     1
290
     0
176
     1
290
     1
176
     1
290
     1
176
     1
290
     0
176
     1
290
     0
176
     1
290
     0
176
     1
290
     0
176
     1
290
     0
176
     1
290
     0
176
     1
 90
       50
176
     1
 40
0.0
176
     1
 40
1.0
176
     1
 90
        0
176
     1
 62
   178
420
        0
176
     1
 90
       50
176
     1
 90
        3
176
     1
 62
     5
420
      255
176
     1
290
     0
176
     1
 90
       50
176
     1
 90
       50
176
     1
 90
       50
176
     1
290
     0
176
     1
 90
       50
176
     1
 62
   256
176
     0
 40
1.0
176
     0
 90
        2
176
     1
  1
strokes_ogs.tif
176
     1
290
     0
176
     1
 40
1.0
176
     1
 40
1.0
176
     1
  0
VISUALSTYLE
  5
1074A
102
{ACAD_REACTORS
330
10738
102
}
330
10738
100
AcDbVisualStyle
  2
OverhangOff
 70
    21
177
     3
291
     1
 70
    58
 90
        2
176
     0
 90
        2
176
     0
 90
        0
176
     0
 90
        0
176
     0
 40
0.6
176
     0
 40
30.0
176
     0
 62
     7
420
 16777215
176
     0
 90
        1
176
     0
 90
        4
176
     0
 62
     7
176
     0
 62
   257
176
     0
 90
        1
176
     0
 90
        1
176
     0
 40
1.0
176
     0
 90
        9
176
     2
 62
     7
176
     0
 40
1.0
176
     0
 90
        1
176
     0
 90
        6
176
     0
 90
        2
176
     0
 62
     7
176
     0
 90
        5
176
     0
 90
        0
176
     0
 90
        0
176
     0
290
     0
176
     0
 90
        1
176
     0
 40
0.0
176
     0
 90
        0
176
     0
290
     0
176
     0
290
     1
176
     0
290
     1
176
     0
290
     0
176
     0
290
     0
176
     0
290
     0
176
     0
290
     0
176
     0
290
     0
176
     0
290
     0
176
     0
 90
       50
176
     0
 40
0.0
176
     0
 40
1.0
176
     0
 90
        0
176
     0
 62
   178
420
        0
176
     0
 90
       50
176
     0
 90
        3
176
     0
 62
     5
420
      255
176
     0
290
     0
176
     0
 90
       50
176
     0
 90
       50
176
     0
 90
       50
176
     0
290
     0
176
     0
 90
       50
176
     0
 62
   256
176
     0
 40
1.0
176
     0
 90
        2
176
     0
  1
strokes_ogs.tif
176
     0
290
     0
176
     0
 40
1.0
176
     0
 40
1.0
176
     0
  0
VISUALSTYLE
  5
10741
102
{ACAD_REACTORS
330
10738
102
}
330
10738
100
AcDbVisualStyle
  2
Realistic
 70
     8
177
     3
291
     0
 70
    58
 90
        2
176
     1
 90
        3
176
     1
 90
        0
176
     1
 90
        2
176
     1
 40
0.6
176
     1
 40
30.0
176
     1
 62
     7
420
 16777215
176
     1
 90
        0
176
     1
 90
        0
176
     1
 62
     7
176
     1
 62
   257
176
     1
 90
        1
176
     1
 90
        1
176
     1
 40
1.0
176
     1
 90
        8
176
     1
 62
   257
176
     1
 40
1.0
176
     1
 90
        1
176
     1
 90
        6
176
     1
 90
        2
176
     1
 62
     7
176
     1
 90
        3
176
     1
 90
        0
176
     1
 90
        0
176
     1
290
     0
176
     1
 90
       13
176
     1
 40
0.0
176
     1
 90
        0
176
     1
290
     0
176
     1
290
     1
176
     1
290
     1
176
     1
290
     0
176
     1
290
     0
176
     1
290
     0
176
     1
290
     0
176
     1
290
     0
176
     1
290
     0
176
     1
 90
       50
176
     1
 40
0.0
176
     1
 40
1.0
176
     1
 90
        0
176
     1
 62
   178
420
        0
176
     1
 90
       50
176
     1
 90
        3
176
     1
 62
     5
420
      255
176
     1
290
     0
176
     1
 90
       50
176
     1
 90
       50
176
     1
 90
       50
176
     1
290
     0
176
     1
 90
       50
176
     1
 62
   256
176
     0
 40
1.0
176
     0
 90
        2
176
     1
  1
strokes_ogs.tif
176
     1
290
     0
176
     1
 40
1.0
176
     1
 40
1.0
176
     1
  0
VISUALSTYLE
  5
10750
102
{ACAD_REACTORS
330
10738
102
}
330
10738
100
AcDbVisualStyle
  2
Shaded
 70
    27
177
     3
291
     0
 70
    58
 90
        2
176
     1
 90
        2
176
     1
 90
        1
176
     1
 90
        2
176
     1
 40
0.6
176
     1
 40
30.0
176
     1
 62
     7
420
 16777215
176
     1
 90
        0
176
     1
 90
        4
176
     1
 62
     7
176
     1
 62
   257
176
     1
 90
        1
176
     1
 90
        1
176
     1
 40
1.0
176
     1
 90
        8
176
     1
 62
   257
176
     1
 40
1.0
176
     1
 90
        1
176
     1
 90
        6
176
     1
 90
        2
176
     1
 62
     8
420
  7895160
176
     1
 90
        3
176
     1
 90
        0
176
     1
 90
        0
176
     1
290
     0
176
     1
 90
        5
176
     1
 40
0.0
176
     1
 90
        0
176
     1
290
     0
176
     1
290
     1
176
     1
290
     1
176
     1
290
     0
176
     1
290
     0
176
     1
290
     0
176
     1
290
     0
176
     1
290
     0
176
     1
290
     0
176
     1
 90
       50
176
     1
 40
0.0
176
     1
 40
1.0
176
     1
 90
        0
176
     1
 62
   178
420
        0
176
     1
 90
       50
176
     1
 90
        3
176
     1
 62
     5
420
      255
176
     1
290
     0
176
     1
 90
       50
176
     1
 90
       50
176
     1
 90
       50
176
     1
290
     0
176
     1
 90
       50
176
     1
 62
   256
176
     0
 40
1.0
176
     0
 90
        2
176
     1
  1
strokes_ogs.tif
176
     1
290
     0
176
     1
 40
1.0
176
     1
 40
1.0
176
     1
  0
VISUALSTYLE
  5
1074F
102
{ACAD_REACTORS
330
10738
102
}
330
10738
100
AcDbVisualStyle
  2
Shaded with edges
 70
    26
177
     3
291
     0
 70
    58
 90
        2
176
     1
 90
        2
176
     1
 90
        1
176
     1
 90
        2
176
     1
 40
0.6
176
     1
 40
30.0
176
     1
 62
     7
420
 16777215
176
     1
 90
        1
176
     1
 90
       10
176
     1
 62
     7
176
     1
 62
   257
176
     1
 90
        2
176
     1
 90
        1
176
     1
 40
1.0
176
     1
 90
        8
176
     1
 62
   257
176
     1
 40
1.0
176
     1
 90
        1
176
     1
 90
        6
176
     1
 90
        2
176
     1
 62
     7
176
     1
 90
        3
176
     1
 90
        0
176
     1
 90
        0
176
     1
290
     0
176
     1
 90
        5
176
     1
 40
0.0
176
     1
 90
        0
176
     1
290
     0
176
     1
290
     1
176
     1
290
     1
176
     1
290
     0
176
     1
290
     0
176
     1
290
     0
176
     1
290
     0
176
     1
290
     0
176
     1
290
     0
176
     1
 90
       50
176
     1
 40
0.0
176
     1
 40
1.0
176
     1
 90
        0
176
     1
 62
   178
420
        0
176
     1
 90
       50
176
     1
 90
        3
176
     1
 62
     5
420
      255
176
     1
290
     0
176
     1
 90
       50
176
     1
 90
       50
176
     1
 90
       50
176
     1
290
     0
176
     1
 90
       50
176
     1
 62
   256
176
     0
 40
1.0
176
     0
 90
        2
176
     1
  1
strokes_ogs.tif
176
     1
290
     0
176
     1
 40
1.0
176
     1
 40
1.0
176
     1
  0
VISUALSTYLE
  5
1074C
102
{ACAD_REACTORS
330
10738
102
}
330
10738
100
AcDbVisualStyle
  2
Shades of Gray
 70
    23
177
     3
291
     0
 70
    58
 90
        2
176
     1
 90
        2
176
     1
 90
        3
176
     1
 90
        0
176
     1
 40
0.6
176
     1
 40
30.0
176
     1
 62
     7
420
 16777215
176
     1
 90
        2
176
     1
 90
        2
176
     1
 62
     7
176
     1
 62
     7
176
     1
 90
        1
176
     1
 90
        1
176
     1
 40
40.0
176
     1
 90
        8
176
     1
 62
     7
176
     1
 40
1.0
176
     1
 90
        1
176
     1
 90
        6
176
     1
 90
        2
176
     1
 62
     7
176
     1
 90
        3
176
     1
 90
        0
176
     1
 90
        0
176
     1
290
     0
176
     1
 90
        1
176
     1
 40
0.0
176
     1
 90
        0
176
     1
290
     0
176
     1
290
     1
176
     1
290
     1
176
     1
290
     0
176
     1
290
     0
176
     1
290
     0
176
     1
290
     0
176
     1
290
     0
176
     1
290
     0
176
     1
 90
       50
176
     1
 40
0.0
176
     1
 40
1.0
176
     1
 90
        0
176
     1
 62
   178
420
        0
176
     1
 90
       50
176
     1
 90
        3
176
     1
 62
     5
420
      255
176
     1
290
     0
176
     1
 90
       50
176
     1
 90
       50
176
     1
 90
       50
176
     1
290
     0
176
     1
 90
       50
176
     1
 62
   256
176
     0
 40
1.0
176
     0
 90
        2
176
     1
  1
strokes_ogs.tif
176
     1
290
     0
176
     1
 40
1.0
176
     1
 40
1.0
176
     1
  0
VISUALSTYLE
  5
1074D
102
{ACAD_REACTORS
330
10738
102
}
330
10738
100
AcDbVisualStyle
  2
Sketchy
 70
    24
177
     3
291
     0
 70
    58
 90
        1
176
     1
 90
        2
176
     1
 90
        2
176
     1
 90
        0
176
     1
 40
0.6
176
     1
 40
30.0
176
     1
 62
     7
420
 16777215
176
     1
 90
        2
176
     1
 90
        2
176
     1
 62
     7
176
     1
 62
     7
176
     1
 90
        1
176
     1
 90
        1
176
     1
 40
40.0
176
     1
 90
       11
176
     1
 62
     7
176
     1
 40
1.0
176
     1
 90
        1
176
     1
 90
        6
176
     1
 90
        2
176
     1
 62
     7
176
     1
 90
        6
176
     1
 90
        0
176
     1
 90
        0
176
     1
290
     0
176
     1
 90
        1
176
     1
 40
0.0
176
     1
 90
        0
176
     1
290
     0
176
     1
290
     1
176
     1
290
     1
176
     1
290
     0
176
     1
290
     0
176
     1
290
     0
176
     1
290
     0
176
     1
290
     0
176
     1
290
     0
176
     1
 90
       50
176
     1
 40
0.0
176
     1
 40
1.0
176
     1
 90
        0
176
     1
 62
   178
420
        0
176
     1
 90
       50
176
     1
 90
        3
176
     1
 62
     5
420
      255
176
     1
290
     0
176
     1
 90
       50
176
     1
 90
       50
176
     1
 90
       50
176
     1
290
     0
176
     1
 90
       50
176
     1
 62
   256
176
     0
 40
1.0
176
     0
 90
        2
176
     1
  1
strokes_ogs.tif
176
     1
290
     0
176
     1
 40
1.0
176
     1
 40
1.0
176
     1
  0
VISUALSTYLE
  5
10745
102
{ACAD_REACTORS
330
10738
102
}
330
10738
100
AcDbVisualStyle
  2
Thicken
 70
    13
177
     3
291
     1
 70
    58
 90
        2
176
     1
 90
        2
176
     1
 90
        0
176
     1
 90
        0
176
     1
 40
0.6
176
     1
 40
30.0
176
     1
 62
     7
420
 16777215
176
     1
 90
        1
176
     1
 90
        4
176
     1
 62
     7
176
     1
 62
   257
176
     1
 90
        1
176
     1
 90
        1
176
     1
 40
1.0
176
     1
 90
       12
176
     1
 62
     7
176
     1
 40
1.0
176
     1
 90
        1
176
     1
 90
        6
176
     1
 90
        2
176
     1
 62
     7
176
     1
 90
        5
176
     1
 90
        0
176
     1
 90
        0
176
     1
290
     0
176
     1
 90
        1
176
     1
 40
0.0
176
     1
 90
        0
176
     1
290
     0
176
     1
290
     1
176
     1
290
     1
176
     1
290
     0
176
     1
290
     0
176
     1
290
     0
176
     1
290
     0
176
     1
290
     0
176
     1
290
     0
176
     1
 90
       50
176
     1
 40
0.0
176
     1
 40
1.0
176
     1
 90
        0
176
     1
 62
   178
420
        0
176
     1
 90
       50
176
     1
 90
        3
176
     1
 62
     5
420
      255
176
     1
290
     0
176
     1
 90
       50
176
     1
 90
       50
176
     1
 90
       50
176
     1
290
     0
176
     1
 90
       50
176
     1
 62
   256
176
     0
 40
1.0
176
     0
 90
        2
176
     1
  1
strokes_ogs.tif
176
     1
290
     0
176
     1
 40
1.0
176
     1
 40
1.0
176
     1
  0
VISUALSTYLE
  5
1073E
102
{ACAD_REACTORS
330
10738
102
}
330
10738
100
AcDbVisualStyle
  2
Wireframe
 70
     5
177
     3
291
     0
 70
    58
 90
        0
176
     1
 90
        2
176
     1
 90
        0
176
     1
 90
        0
176
     1
 40
0.6
176
     1
 40
30.0
176
     1
 62
     7
420
 16777215
176
     1
 90
        1
176
     1
 90
        4
176
     1
 62
     7
176
     1
 62
   257
176
     1
 90
        1
176
     1
 90
        1
176
     1
 40
1.0
176
     1
 90
        0
176
     1
 62
   257
176
     1
 40
1.0
176
     1
 90
        1
176
     1
 90
        6
176
     1
 90
        2
176
     1
 62
     7
176
     1
 90
        3
176
     1
 90
        0
176
     1
 90
        0
176
     1
290
     0
176
     1
 90
        1
176
     1
 40
0.0
176
     1
 90
        0
176
     1
290
     0
176
     1
290
     1
176
     1
290
     1
176
     1
290
     0
176
     1
290
     0
176
     1
290
     0
176
     1
290
     0
176
     1
290
     0
176
     1
290
     0
176
     1
 90
       50
176
     1
 40
0.0
176
     1
 40
1.0
176
     1
 90
        0
176
     1
 62
   178
420
        0
176
     1
 90
       50
176
     1
 90
        3
176
     1
 62
     5
420
      255
176
     1
290
     0
176
     1
 90
       50
176
     1
 90
       50
176
     1
 90
       50
176
     1
290
     0
176
     1
 90
       50
176
     1
 62
   256
176
     0
 40
1.0
176
     0
 90
        2
176
     1
  1
strokes_ogs.tif
176
     1
290
     0
176
     1
 40
1.0
176
     1
 40
1.0
176
     1
  0
VISUALSTYLE
  5
1074E
102
{ACAD_REACTORS
330
10738
102
}
330
10738
100
AcDbVisualStyle
  2
X-Ray
 70
    25
177
     3
291
     0
 70
    58
 90
        2
176
     1
 90
        2
176
     1
 90
        1
176
     1
 90
        1
176
     1
 40
0.5
176
     1
 40
30.0
176
     1
 62
     7
420
 16777215
176
     1
 90
        1
176
     1
 90
        0
176
     1
 62
     7
176
     1
 62
   257
176
     1
 90
        1
176
     1
 90
        1
176
     1
 40
1.0
176
     1
 90
        8
176
     1
 62
     7
176
     1
 40
1.0
176
     1
 90
        1
176
     1
 90
        6
176
     1
 90
        2
176
     1
 62
     7
176
     1
 90
        3
176
     1
 90
        0
176
     1
 90
        0
176
     1
290
     0
176
     1
 90
       13
176
     1
 40
0.0
176
     1
 90
        0
176
     1
290
     0
176
     1
290
     1
176
     1
290
     1
176
     1
290
     0
176
     1
290
     0
176
     1
290
     0
176
     1
290
     0
176
     1
290
     0
176
     1
290
     0
176
     1
 90
       50
176
     1
 40
0.0
176
     1
 40
1.0
176
     1
 90
        0
176
     1
 62
   178
420
        0
176
     1
 90
       50
176
     1
 90
        3
176
     1
 62
     5
420
      255
176
     1
290
     0
176
     1
 90
       50
176
     1
 90
       50
176
     1
 90
       50
176
     1
290
     0
176
     1
 90
       50
176
     1
 62
   256
176
     0
 40
1.0
176
     0
 90
        2
176
     1
  1
strokes_ogs.tif
176
     1
290
     0
176
     1
 40
1.0
176
     1
 40
1.0
176
     1
  0
DICTIONARYVAR
  5
10804
102
{ACAD_REACTORS
330
10803
102
}
330
10803
100
DictionaryVariables
280
     0
  1
1:1
  0
DICTIONARYVAR
  5
10809
102
{ACAD_REACTORS
330
10803
102
}
330
10803
100
DictionaryVariables
280
     0
  1
Standard
  0
DICTIONARYVAR
  5
10808
102
{ACAD_REACTORS
330
10803
102
}
330
10803
100
DictionaryVariables
280
     0
  1
Standard
  0
XRECORD
  5
1077F
102
{ACAD_REACTORS
330
1077D
102
}
330
1077D
100
AcDbXrecord
280
     1
1000
GCodeIN
  0
XRECORD
  5
10780
102
{ACAD_REACTORS
330
1077D
102
}
330
1077D
100
AcDbXrecord
280
     1
1000
#ffffff
  0
XRECORD
  5
10781
102
{ACAD_REACTORS
330
1077D
102
}
330
1077D
100
AcDbXrecord
280
     1
1000
FullColor
  0
XRECORD
  5
10782
102
{ACAD_REACTORS
330
1077D
102
}
330
1077D
100
AcDbXrecord
280
     1
290
     1
  0
XRECORD
  5
10783
102
{ACAD_REACTORS
330
1077D
102
}
330
1077D
100
AcDbXrecord
280
     1
290
     1
  0
XRECORD
  5
10784
102
{ACAD_REACTORS
330
1077D
102
}
330
1077D
100
AcDbXrecord
280
     1
290
     1
  0
XRECORD
  5
10785
102
{ACAD_REACTORS
330
1077D
102
}
330
1077D
100
AcDbXrecord
280
     1
290
     1
  0
XRECORD
  5
10786
102
{ACAD_REACTORS
330
1077D
102
}
330
1077D
100
AcDbXrecord
280
     1
1000
auto
  0
XRECORD
  5
10787
102
{ACAD_REACTORS
330
1077D
102
}
330
1077D
100
AcDbXrecord
280
     1
1000
auto
  0
XRECORD
  5
10788
102
{ACAD_REACTORS
330
1077D
102
}
330
1077D
100
AcDbXrecord
280
     1
1000
auto
  0
XRECORD
  5
10789
102
{ACAD_REACTORS
330
1077D
102
}
330
1077D
100
AcDbXrecord
280
     1
1000
auto
  0
XRECORD
  5
1078A
102
{ACAD_REACTORS
330
1077D
102
}
330
1077D
100
AcDbXrecord
280
     1
1000
auto
  0
XRECORD
  5
1078B
102
{ACAD_REACTORS
330
1077D
102
}
330
1077D
100
AcDbXrecord
280
     1
1000
auto
  0
XRECORD
  5
1078C
102
{ACAD_REACTORS
330
1077D
102
}
330
1077D
100
AcDbXrecord
280
     1
1000
auto
  0
XRECORD
  5
1078D
102
{ACAD_REACTORS
330
1077D
102
}
330
1077D
100
AcDbXrecord
280
     1
1000
auto
  0
XRECORD
  5
1078E
102
{ACAD_REACTORS
330
1077D
102
}
330
1077D
100
AcDbXrecord
280
     1
290
     0
  0
XRECORD
  5
1078F
102
{ACAD_REACTORS
330
1077D
102
}
330
1077D
100
AcDbXrecord
280
     1
290
     0
  0
XRECORD
  5
10790
102
{ACAD_REACTORS
330
1077D
102
}
330
1077D
100
AcDbXrecord
280
     1
290
     0
  0
XRECORD
  5
10791
102
{ACAD_REACTORS
330
1077D
102
}
330
1077D
100
AcDbXrecord
280
     1
290
     0
  0
XRECORD
  5
10792
102
{ACAD_REACTORS
330
1077D
102
}
330
1077D
100
AcDbXrecord
280
     1
 90
    65537
  0
XRECORD
  5
10793
102
{ACAD_REACTORS
330
1077D
102
}
330
1077D
100
AcDbXrecord
280
     1
 90
    65537
  0
XRECORD
  5
10794
102
{ACAD_REACTORS
330
1077D
102
}
330
1077D
100
AcDbXrecord
280
     1
 90
    65537
  0
XRECORD
  5
10795
102
{ACAD_REACTORS
330
1077D
102
}
330
1077D
100
AcDbXrecord
280
     1
 90
    65537
  0
XRECORD
  5
10796
102
{ACAD_REACTORS
330
1077D
102
}
330
1077D
100
AcDbXrecord
280
     1
1000
auto
  0
XRECORD
  5
10797
102
{ACAD_REACTORS
330
1077D
102
}
330
1077D
100
AcDbXrecord
280
     1
1000
auto
  0
XRECORD
  5
10798
102
{ACAD_REACTORS
330
1077D
102
}
330
1077D
100
AcDbXrecord
280
     1
1000
auto
  0
XRECORD
  5
10799
102
{ACAD_REACTORS
330
1077D
102
}
330
1077D
100
AcDbXrecord
280
     1
1000
auto
  0
XRECORD
  5
1079A
102
{ACAD_REACTORS
330
1077D
102
}
330
1077D
100
AcDbXrecord
280
     1
1000
auto
  0
XRECORD
  5
1079B
102
{ACAD_REACTORS
330
1077D
102
}
330
1077D
100
AcDbXrecord
280
     1
1000
auto
  0
XRECORD
  5
1079C
102
{ACAD_REACTORS
330
1077D
102
}
330
1077D
100
AcDbXrecord
280
     1
1000
auto
  0
XRECORD
  5
1079D
102
{ACAD_REACTORS
330
1077D
102
}
330
1077D
100
AcDbXrecord
280
     1
1000
auto
  0
XRECORD
  5
1079E
102
{ACAD_REACTORS
330
1077D
102
}
330
1077D
100
AcDbXrecord
280
     1
 90
        1
  0
XRECORD
  5
1079F
102
{ACAD_REACTORS
330
1077D
102
}
330
1077D
100
AcDbXrecord
280
     1
 40
10.0
  0
XRECORD
  5
107A0
102
{ACAD_REACTORS
330
1077D
102
}
330
1077D
100
AcDbXrecord
280
     1
 40
10.0
  0
XRECORD
  5
107A1
102
{ACAD_REACTORS
330
1077D
102
}
330
1077D
100
AcDbXrecord
280
     1
 40
10.0
  0
XRECORD
  5
107A2
102
{ACAD_REACTORS
330
1077D
102
}
330
1077D
100
AcDbXrecord
280
     1
 40
10.0
  0
XRECORD
  5
107A3
102
{ACAD_REACTORS
330
1077D
102
}
330
1077D
100
AcDbXrecord
280
     1
290
     0
  0
XRECORD
  5
107A4
102
{ACAD_REACTORS
330
1077D
102
}
330
1077D
100
AcDbXrecord
280
     1
 90
        1
  0
XRECORD
  5
107A5
102
{ACAD_REACTORS
330
1077D
102
}
330
1077D
100
AcDbXrecord
280
     1
 40
0.0
  0
XRECORD
  5
107A6
102
{ACAD_REACTORS
330
1077D
102
}
330
1077D
100
AcDbXrecord
280
     1
 40
0.0
  0
XRECORD
  5
107A7
102
{ACAD_REACTORS
330
1077D
102
}
330
1077D
100
AcDbXrecord
280
     1
1000
Portrait
  0
XRECORD
  5
107A8
102
{ACAD_REACTORS
330
1077D
102
}
330
1077D
100
AcDbXrecord
280
     1
 40
297.0
  0
XRECORD
  5
107A9
102
{ACAD_REACTORS
330
1077D
102
}
330
1077D
100
AcDbXrecord
280
     1
 40
210.0
  0
XRECORD
  5
107AA
102
{ACAD_REACTORS
330
1077D
102
}
330
1077D
100
AcDbXrecord
280
     1
1000
1:1
  0
XRECORD
  5
107AB
102
{ACAD_REACTORS
330
1077D
102
}
330
1077D
100
AcDbXrecord
280
     1
290
     1
  0
XRECORD
  5
107AC
102
{ACAD_REACTORS
330
1077D
102
}
330
1077D
100
AcDbXrecord
280
     1
290
     0
  0
XRECORD
  5
107AD
102
{ACAD_REACTORS
330
1077D
102
}
330
1077D
100
AcDbXrecord
280
     1
1000
Inside
  0
XRECORD
  5
107AE
102
{ACAD_REACTORS
330
1077D
102
}
330
1077D
100
AcDbXrecord
280
     1
1000
Arial,10,-1,5,50,0,0,0,0,0
  0
XRECORD
  5
107AF
102
{ACAD_REACTORS
330
1077D
102
}
330
1077D
100
AcDbXrecord
280
     1
1000
TopLeft
  0
XRECORD
  5
107B0
102
{ACAD_REACTORS
330
1077D
102
}
330
1077D
100
AcDbXrecord
280
     1
1000
3.26.4
  0
XRECORD
  5
107B1
102
{ACAD_REACTORS
330
1077D
102
}
330
1077D
100
AcDbXrecord
280
     1
 90
        4
  0
XRECORD
  5
107B2
102
{ACAD_REACTORS
330
1077D
102
}
330
1077D
100
AcDbXrecord
280
     1
  0
XRECORD
  5
107B3
102
{ACAD_REACTORS
330
1077D
102
}
330
1077D
100
AcDbXrecord
280
     1
 40
127.1619283649815
  0
XRECORD
  5
107B4
102
{ACAD_REACTORS
330
1077D
102
}
330
1077D
100
AcDbXrecord
280
     1
 40
243.8133830234278
  0
DICTIONARY
  5
10805
330
10778
100
AcDbDictionary
280
     1
281
     1
  3
ACAD_ROUNDTRIP_2008_TABLESTYLE_CELLSTYLEMAP
360
10806
  0
CELLSTYLEMAP
  5
10806
102
{ACAD_REACTORS
330
10805
102
}
330
10805
100
AcDbCellStyleMap
 90
        3
300
CELLSTYLE
  1
TABLEFORMAT_BEGIN
 90
        5
170
     1
 91
        0
 92
    32768
 62
   257
 93
        1
300
CONTENTFORMAT
  1
CONTENTFORMAT_BEGIN
 90
        0
 91
        0
 92
        4
 93
        0
300

 40
0.0
140
1.0
 94
        5
 62
     0
340
10720
144
0.25
309
CONTENTFORMAT_END
171
     1
301
MARGIN
  1
CELLMARGIN_BEGIN
 40
0.06
 40
0.06
 40
0.06
 40
0.06
 40
0.06
 40
0.06
309
CELLMARGIN_END
 94
        6
 95
        1
302
GRIDFORMAT
  1
GRIDFORMAT_BEGIN
 90
        0
 91
        1
 62
     0
 92
       -2
340
10722
 93
        0
 40
0.045
309
GRIDFORMAT_END
 95
        2
302
GRIDFORMAT
  1
GRIDFORMAT_BEGIN
 90
        0
 91
        1
 62
     0
 92
       -2
340
10722
 93
        0
 40
0.045
309
GRIDFORMAT_END
 95
        4
302
GRIDFORMAT
  1
GRIDFORMAT_BEGIN
 90
        0
 91
        1
 62
     0
 92
       -2
340
10722
 93
        0
 40
0.045
309
GRIDFORMAT_END
 95
        8
302
GRIDFORMAT
  1
GRIDFORMAT_BEGIN
 90
        0
 91
        1
 62
     0
 92
       -2
340
10722
 93
        0
 40
0.045
309
GRIDFORMAT_END
 95
       16
302
GRIDFORMAT
  1
GRIDFORMAT_BEGIN
 90
        0
 91
        1
 62
     0
 92
       -2
340
10722
 93
        0
 40
0.045
309
GRIDFORMAT_END
 95
       32
302
GRIDFORMAT
  1
GRIDFORMAT_BEGIN
 90
        0
 91
        1
 62
     0
 92
       -2
340
10722
 93
        0
 40
0.045
309
GRIDFORMAT_END
309
TABLEFORMAT_END
  1
CELLSTYLE_BEGIN
 90
        1
 91
        1
300
_TITLE
309
CELLSTYLE_END
300
CELLSTYLE
  1
TABLEFORMAT_BEGIN
 90
        5
170
     1
 91
        0
 92
        0
 62
   257
 93
        1
300
CONTENTFORMAT
  1
CONTENTFORMAT_BEGIN
 90
        0
 91
        0
 92
        4
 93
        0
300

 40
0.0
140
1.0
 94
        5
 62
     0
340
10720
144
0.18
309
CONTENTFORMAT_END
171
     1
301
MARGIN
  1
CELLMARGIN_BEGIN
 40
0.06
 40
0.06
 40
0.06
 40
0.06
 40
0.06
 40
0.06
309
CELLMARGIN_END
 94
        6
 95
        1
302
GRIDFORMAT
  1
GRIDFORMAT_BEGIN
 90
        0
 91
        1
 62
     0
 92
       -2
340
10722
 93
        0
 40
0.045
309
GRIDFORMAT_END
 95
        2
302
GRIDFORMAT
  1
GRIDFORMAT_BEGIN
 90
        0
 91
        1
 62
     0
 92
       -2
340
10722
 93
        0
 40
0.045
309
GRIDFORMAT_END
 95
        4
302
GRIDFORMAT
  1
GRIDFORMAT_BEGIN
 90
        0
 91
        1
 62
     0
 92
       -2
340
10722
 93
        0
 40
0.045
309
GRIDFORMAT_END
 95
        8
302
GRIDFORMAT
  1
GRIDFORMAT_BEGIN
 90
        0
 91
        1
 62
     0
 92
       -2
340
10722
 93
        0
 40
0.045
309
GRIDFORMAT_END
 95
       16
302
GRIDFORMAT
  1
GRIDFORMAT_BEGIN
 90
        0
 91
        1
 62
     0
 92
       -2
340
10722
 93
        0
 40
0.045
309
GRIDFORMAT_END
 95
       32
302
GRIDFORMAT
  1
GRIDFORMAT_BEGIN
 90
        0
 91
        1
 62
     0
 92
       -2
340
10722
 93
        0
 40
0.045
309
GRIDFORMAT_END
309
TABLEFORMAT_END
  1
CELLSTYLE_BEGIN
 90
        2
 91
        1
300
_HEADER
309
CELLSTYLE_END
300
CELLSTYLE
  1
TABLEFORMAT_BEGIN
 90
        5
170
     1
 91
        0
 92
        0
 62
   257
 93
        1
300
CONTENTFORMAT
  1
CONTENTFORMAT_BEGIN
 90
        0
 91
        0
 92
        4
 93
        0
300

 40
0.0
140
1.0
 94
        2
 62
     0
340
10720
144
0.18
309
CONTENTFORMAT_END
171
     1
301
MARGIN
  1
CELLMARGIN_BEGIN
 40
0.06
 40
0.06
 40
0.06
 40
0.06
 40
0.06
 40
0.06
309
CELLMARGIN_END
 94
        6
 95
        1
302
GRIDFORMAT
  1
GRIDFORMAT_BEGIN
 90
        0
 91
        1
 62
     0
 92
       -2
340
10722
 93
        0
 40
0.045
309
GRIDFORMAT_END
 95
        2
302
GRIDFORMAT
  1
GRIDFORMAT_BEGIN
 90
        0
 91
        1
 62
     0
 92
       -2
340
10722
 93
        0
 40
0.045
309
GRIDFORMAT_END
 95
        4
302
GRIDFORMAT
  1
GRIDFORMAT_BEGIN
 90
        0
 91
        1
 62
     0
 92
       -2
340
10722
 93
        0
 40
0.045
309
GRIDFORMAT_END
 95
        8
302
GRIDFORMAT
  1
GRIDFORMAT_BEGIN
 90
        0
 91
        1
 62
     0
 92
       -2
340
10722
 93
        0
 40
0.045
309
GRIDFORMAT_END
 95
       16
302
GRIDFORMAT
  1
GRIDFORMAT_BEGIN
 90
        0
 91
        1
 62
     0
 92
       -2
340
10722
 93
        0
 40
0.045
309
GRIDFORMAT_END
 95
       32
302
GRIDFORMAT
  1
GRIDFORMAT_BEGIN
 90
        0
 91
        1
 62
     0
 92
       -2
340
10722
 93
        0
 40
0.045
309
GRIDFORMAT_END
309
TABLEFORMAT_END
  1
CELLSTYLE_BEGIN
 90
        3
 91
        2
300
_DATA
309
CELLSTYLE_END
  0
ENDSEC
  0
EOF
