[0.168s] DEBUG:colcon:Command line arguments: ['/usr/bin/colcon', 'build']
[0.168s] DEBUG:colcon:Parsed command line arguments: Namespace(log_base=None, log_level=None, verb_name='build', build_base='build', install_base='install', merge_install=False, symlink_install=False, test_result_base=None, continue_on_error=False, executor='parallel', parallel_workers=4, event_handlers=None, ignore_user_meta=False, metas=['./colcon.meta'], base_paths=['.'], packages_ignore=None, packages_ignore_regex=None, paths=None, packages_up_to=None, packages_up_to_regex=None, packages_above=None, packages_above_and_dependencies=None, packages_above_depth=None, packages_select_by_dep=None, packages_skip_by_dep=None, packages_skip_up_to=None, packages_select_build_failed=False, packages_skip_build_finished=False, packages_select_test_failures=False, packages_skip_test_passed=False, packages_select=None, packages_skip=None, packages_select_regex=None, packages_skip_regex=None, packages_start=None, packages_end=None, allow_overriding=[], cmake_args=None, cmake_target=None, cmake_target_skip_unavailable=False, cmake_clean_cache=False, cmake_clean_first=False, cmake_force_configure=False, ament_cmake_args=None, catkin_cmake_args=None, catkin_skip_building_tests=False, mixin_files=None, mixin=None, verb_parser=<colcon_mixin.mixin.mixin_argument.MixinArgumentDecorator object at 0x7d6ac09b2660>, verb_extension=<colcon_core.verb.build.BuildVerb object at 0x7d6ac0abe4b0>, main=<bound method BuildVerb.main of <colcon_core.verb.build.BuildVerb object at 0x7d6ac0abe4b0>>, mixin_verb=('build',))
[0.224s] Level 1:colcon.colcon_core.package_discovery:discover_packages(colcon_meta) check parameters
[0.224s] Level 1:colcon.colcon_core.package_discovery:discover_packages(recursive) check parameters
[0.224s] Level 1:colcon.colcon_core.package_discovery:discover_packages(ignore) check parameters
[0.224s] Level 1:colcon.colcon_core.package_discovery:discover_packages(path) check parameters
[0.224s] Level 1:colcon.colcon_core.package_discovery:discover_packages(colcon_meta) discover
[0.224s] Level 1:colcon.colcon_core.package_discovery:discover_packages(recursive) discover
[0.224s] INFO:colcon.colcon_core.package_discovery:Crawling recursively for packages in '/home/svevqx/delta_bot/software/ros_ws_delta/src'
[0.224s] Level 1:colcon.colcon_core.package_identification:_identify(.) by extensions ['ignore', 'ignore_ament_install']
[0.224s] Level 1:colcon.colcon_core.package_identification:_identify(.) by extension 'ignore'
[0.225s] Level 1:colcon.colcon_core.package_identification:_identify(.) by extension 'ignore_ament_install'
[0.225s] Level 1:colcon.colcon_core.package_identification:_identify(.) by extensions ['colcon_pkg']
[0.225s] Level 1:colcon.colcon_core.package_identification:_identify(.) by extension 'colcon_pkg'
[0.225s] Level 1:colcon.colcon_core.package_identification:_identify(.) by extensions ['colcon_meta']
[0.225s] Level 1:colcon.colcon_core.package_identification:_identify(.) by extension 'colcon_meta'
[0.225s] Level 1:colcon.colcon_core.package_identification:_identify(.) by extensions ['ros']
[0.225s] Level 1:colcon.colcon_core.package_identification:_identify(.) by extension 'ros'
[0.262s] Level 1:colcon.colcon_core.package_identification:_identify(.) by extensions ['cmake', 'python']
[0.263s] Level 1:colcon.colcon_core.package_identification:_identify(.) by extension 'cmake'
[0.263s] Level 1:colcon.colcon_core.package_identification:_identify(.) by extension 'python'
[0.263s] Level 1:colcon.colcon_core.package_identification:_identify(.) by extensions ['python_setup_py']
[0.263s] Level 1:colcon.colcon_core.package_identification:_identify(.) by extension 'python_setup_py'
[0.263s] Level 1:colcon.colcon_core.package_identification:_identify(arducam_rclpy_tof_pointcloud) by extensions ['ignore', 'ignore_ament_install']
[0.263s] Level 1:colcon.colcon_core.package_identification:_identify(arducam_rclpy_tof_pointcloud) by extension 'ignore'
[0.263s] Level 1:colcon.colcon_core.package_identification:_identify(arducam_rclpy_tof_pointcloud) by extension 'ignore_ament_install'
[0.263s] Level 1:colcon.colcon_core.package_identification:_identify(arducam_rclpy_tof_pointcloud) by extensions ['colcon_pkg']
[0.263s] Level 1:colcon.colcon_core.package_identification:_identify(arducam_rclpy_tof_pointcloud) by extension 'colcon_pkg'
[0.263s] Level 1:colcon.colcon_core.package_identification:_identify(arducam_rclpy_tof_pointcloud) by extensions ['colcon_meta']
[0.263s] Level 1:colcon.colcon_core.package_identification:_identify(arducam_rclpy_tof_pointcloud) by extension 'colcon_meta'
[0.264s] Level 1:colcon.colcon_core.package_identification:_identify(arducam_rclpy_tof_pointcloud) by extensions ['ros']
[0.264s] Level 1:colcon.colcon_core.package_identification:_identify(arducam_rclpy_tof_pointcloud) by extension 'ros'
[0.267s] DEBUG:colcon.colcon_core.package_identification:Package 'arducam_rclpy_tof_pointcloud' with type 'ros.ament_python' and name 'arducam_rclpy_tof_pointcloud'
[0.267s] Level 1:colcon.colcon_core.package_identification:_identify(build) by extensions ['ignore', 'ignore_ament_install']
[0.267s] Level 1:colcon.colcon_core.package_identification:_identify(build) by extension 'ignore'
[0.267s] Level 1:colcon.colcon_core.package_identification:_identify(build) ignored
[0.267s] Level 1:colcon.colcon_core.package_identification:_identify(delta_ros) by extensions ['ignore', 'ignore_ament_install']
[0.267s] Level 1:colcon.colcon_core.package_identification:_identify(delta_ros) by extension 'ignore'
[0.267s] Level 1:colcon.colcon_core.package_identification:_identify(delta_ros) by extension 'ignore_ament_install'
[0.267s] Level 1:colcon.colcon_core.package_identification:_identify(delta_ros) by extensions ['colcon_pkg']
[0.267s] Level 1:colcon.colcon_core.package_identification:_identify(delta_ros) by extension 'colcon_pkg'
[0.268s] Level 1:colcon.colcon_core.package_identification:_identify(delta_ros) by extensions ['colcon_meta']
[0.268s] Level 1:colcon.colcon_core.package_identification:_identify(delta_ros) by extension 'colcon_meta'
[0.268s] Level 1:colcon.colcon_core.package_identification:_identify(delta_ros) by extensions ['ros']
[0.268s] Level 1:colcon.colcon_core.package_identification:_identify(delta_ros) by extension 'ros'
[0.269s] DEBUG:colcon.colcon_core.package_identification:Package 'delta_ros' with type 'ros.ament_python' and name 'delta_ros'
[0.269s] Level 1:colcon.colcon_core.package_identification:_identify(grbl_ros) by extensions ['ignore', 'ignore_ament_install']
[0.269s] Level 1:colcon.colcon_core.package_identification:_identify(grbl_ros) by extension 'ignore'
[0.269s] Level 1:colcon.colcon_core.package_identification:_identify(grbl_ros) by extension 'ignore_ament_install'
[0.269s] Level 1:colcon.colcon_core.package_identification:_identify(grbl_ros) by extensions ['colcon_pkg']
[0.269s] Level 1:colcon.colcon_core.package_identification:_identify(grbl_ros) by extension 'colcon_pkg'
[0.269s] Level 1:colcon.colcon_core.package_identification:_identify(grbl_ros) by extensions ['colcon_meta']
[0.269s] Level 1:colcon.colcon_core.package_identification:_identify(grbl_ros) by extension 'colcon_meta'
[0.269s] Level 1:colcon.colcon_core.package_identification:_identify(grbl_ros) by extensions ['ros']
[0.269s] Level 1:colcon.colcon_core.package_identification:_identify(grbl_ros) by extension 'ros'
[0.270s] DEBUG:colcon.colcon_core.package_identification:Package 'grbl_ros' with type 'ros.ament_python' and name 'grbl_ros'
[0.270s] Level 1:colcon.colcon_core.package_identification:_identify(install) by extensions ['ignore', 'ignore_ament_install']
[0.270s] Level 1:colcon.colcon_core.package_identification:_identify(install) by extension 'ignore'
[0.270s] Level 1:colcon.colcon_core.package_identification:_identify(install) ignored
[0.270s] Level 1:colcon.colcon_core.package_identification:_identify(log) by extensions ['ignore', 'ignore_ament_install']
[0.271s] Level 1:colcon.colcon_core.package_identification:_identify(log) by extension 'ignore'
[0.271s] Level 1:colcon.colcon_core.package_identification:_identify(log) ignored
[0.271s] Level 1:colcon.colcon_core.package_identification:_identify(multiple_object_tracking_lidar_ros2) by extensions ['ignore', 'ignore_ament_install']
[0.271s] Level 1:colcon.colcon_core.package_identification:_identify(multiple_object_tracking_lidar_ros2) by extension 'ignore'
[0.271s] Level 1:colcon.colcon_core.package_identification:_identify(multiple_object_tracking_lidar_ros2) by extension 'ignore_ament_install'
[0.271s] Level 1:colcon.colcon_core.package_identification:_identify(multiple_object_tracking_lidar_ros2) by extensions ['colcon_pkg']
[0.271s] Level 1:colcon.colcon_core.package_identification:_identify(multiple_object_tracking_lidar_ros2) by extension 'colcon_pkg'
[0.271s] Level 1:colcon.colcon_core.package_identification:_identify(multiple_object_tracking_lidar_ros2) by extensions ['colcon_meta']
[0.271s] Level 1:colcon.colcon_core.package_identification:_identify(multiple_object_tracking_lidar_ros2) by extension 'colcon_meta'
[0.271s] Level 1:colcon.colcon_core.package_identification:_identify(multiple_object_tracking_lidar_ros2) by extensions ['ros']
[0.271s] Level 1:colcon.colcon_core.package_identification:_identify(multiple_object_tracking_lidar_ros2) by extension 'ros'
[0.273s] DEBUG:colcon.colcon_core.package_identification:Package 'multiple_object_tracking_lidar_ros2' with type 'ros.ament_cmake' and name 'multiple_object_tracking_lidar'
[0.273s] Level 1:colcon.colcon_core.package_identification:_identify(rock_detector) by extensions ['ignore', 'ignore_ament_install']
[0.273s] Level 1:colcon.colcon_core.package_identification:_identify(rock_detector) by extension 'ignore'
[0.273s] Level 1:colcon.colcon_core.package_identification:_identify(rock_detector) by extension 'ignore_ament_install'
[0.273s] Level 1:colcon.colcon_core.package_identification:_identify(rock_detector) by extensions ['colcon_pkg']
[0.273s] Level 1:colcon.colcon_core.package_identification:_identify(rock_detector) by extension 'colcon_pkg'
[0.273s] Level 1:colcon.colcon_core.package_identification:_identify(rock_detector) by extensions ['colcon_meta']
[0.273s] Level 1:colcon.colcon_core.package_identification:_identify(rock_detector) by extension 'colcon_meta'
[0.274s] Level 1:colcon.colcon_core.package_identification:_identify(rock_detector) by extensions ['ros']
[0.274s] Level 1:colcon.colcon_core.package_identification:_identify(rock_detector) by extension 'ros'
[0.275s] DEBUG:colcon.colcon_core.package_identification:Package 'rock_detector' with type 'ros.ament_cmake' and name 'rock_detector'
[0.275s] Level 1:colcon.colcon_core.package_identification:_identify(rock_stacking) by extensions ['ignore', 'ignore_ament_install']
[0.275s] Level 1:colcon.colcon_core.package_identification:_identify(rock_stacking) by extension 'ignore'
[0.275s] Level 1:colcon.colcon_core.package_identification:_identify(rock_stacking) by extension 'ignore_ament_install'
[0.275s] Level 1:colcon.colcon_core.package_identification:_identify(rock_stacking) by extensions ['colcon_pkg']
[0.275s] Level 1:colcon.colcon_core.package_identification:_identify(rock_stacking) by extension 'colcon_pkg'
[0.275s] Level 1:colcon.colcon_core.package_identification:_identify(rock_stacking) by extensions ['colcon_meta']
[0.275s] Level 1:colcon.colcon_core.package_identification:_identify(rock_stacking) by extension 'colcon_meta'
[0.275s] Level 1:colcon.colcon_core.package_identification:_identify(rock_stacking) by extensions ['ros']
[0.275s] Level 1:colcon.colcon_core.package_identification:_identify(rock_stacking) by extension 'ros'
[0.277s] DEBUG:colcon.colcon_core.package_identification:Package 'rock_stacking' with type 'ros.ament_cmake' and name 'rock_stacking'
[0.277s] Level 1:colcon.colcon_core.package_identification:_identify(serial) by extensions ['ignore', 'ignore_ament_install']
[0.277s] Level 1:colcon.colcon_core.package_identification:_identify(serial) by extension 'ignore'
[0.277s] Level 1:colcon.colcon_core.package_identification:_identify(serial) by extension 'ignore_ament_install'
[0.277s] Level 1:colcon.colcon_core.package_identification:_identify(serial) by extensions ['colcon_pkg']
[0.277s] Level 1:colcon.colcon_core.package_identification:_identify(serial) by extension 'colcon_pkg'
[0.278s] Level 1:colcon.colcon_core.package_identification:_identify(serial) by extensions ['colcon_meta']
[0.278s] Level 1:colcon.colcon_core.package_identification:_identify(serial) by extension 'colcon_meta'
[0.278s] Level 1:colcon.colcon_core.package_identification:_identify(serial) by extensions ['ros']
[0.278s] Level 1:colcon.colcon_core.package_identification:_identify(serial) by extension 'ros'
[0.279s] DEBUG:colcon.colcon_core.package_identification:Package 'serial' with type 'ros.ament_cmake' and name 'remote_serial'
[0.280s] Level 1:colcon.colcon_core.package_discovery:discover_packages(recursive) using defaults
[0.280s] Level 1:colcon.colcon_core.package_discovery:discover_packages(ignore) discover
[0.280s] Level 1:colcon.colcon_core.package_discovery:discover_packages(ignore) using defaults
[0.280s] Level 1:colcon.colcon_core.package_discovery:discover_packages(path) discover
[0.280s] Level 1:colcon.colcon_core.package_discovery:discover_packages(path) using defaults
[0.309s] Level 1:colcon.colcon_core.package_discovery:discover_packages(prefix_path) check parameters
[0.309s] Level 1:colcon.colcon_core.package_discovery:discover_packages(prefix_path) discover
[0.314s] DEBUG:colcon.colcon_installed_package_information.package_discovery:Found 2 installed packages in /home/svevqx/delta_bot/software/ros_ws_delta/src/install
[0.315s] DEBUG:colcon.colcon_installed_package_information.package_discovery:Found 8 installed packages in /home/svevqx/delta_bot/software/ros_ws_delta/install
[0.316s] DEBUG:colcon.colcon_installed_package_information.package_discovery:Found 27 installed packages in /home/svevqx/ros2_ws/install
[0.319s] DEBUG:colcon.colcon_installed_package_information.package_discovery:Found 333 installed packages in /opt/ros/jazzy
[0.322s] Level 1:colcon.colcon_core.package_discovery:discover_packages(prefix_path) using defaults
[0.408s] Level 5:colcon.colcon_core.verb:set package 'arducam_rclpy_tof_pointcloud' build argument 'cmake_args' from command line to 'None'
[0.408s] Level 5:colcon.colcon_core.verb:set package 'arducam_rclpy_tof_pointcloud' build argument 'cmake_target' from command line to 'None'
[0.408s] Level 5:colcon.colcon_core.verb:set package 'arducam_rclpy_tof_pointcloud' build argument 'cmake_target_skip_unavailable' from command line to 'False'
[0.408s] Level 5:colcon.colcon_core.verb:set package 'arducam_rclpy_tof_pointcloud' build argument 'cmake_clean_cache' from command line to 'False'
[0.408s] Level 5:colcon.colcon_core.verb:set package 'arducam_rclpy_tof_pointcloud' build argument 'cmake_clean_first' from command line to 'False'
[0.408s] Level 5:colcon.colcon_core.verb:set package 'arducam_rclpy_tof_pointcloud' build argument 'cmake_force_configure' from command line to 'False'
[0.409s] Level 5:colcon.colcon_core.verb:set package 'arducam_rclpy_tof_pointcloud' build argument 'ament_cmake_args' from command line to 'None'
[0.409s] Level 5:colcon.colcon_core.verb:set package 'arducam_rclpy_tof_pointcloud' build argument 'catkin_cmake_args' from command line to 'None'
[0.409s] Level 5:colcon.colcon_core.verb:set package 'arducam_rclpy_tof_pointcloud' build argument 'catkin_skip_building_tests' from command line to 'False'
[0.409s] DEBUG:colcon.colcon_core.verb:Building package 'arducam_rclpy_tof_pointcloud' with the following arguments: {'ament_cmake_args': None, 'build_base': '/home/svevqx/delta_bot/software/ros_ws_delta/src/build/arducam_rclpy_tof_pointcloud', 'catkin_cmake_args': None, 'catkin_skip_building_tests': False, 'cmake_args': None, 'cmake_clean_cache': False, 'cmake_clean_first': False, 'cmake_force_configure': False, 'cmake_target': None, 'cmake_target_skip_unavailable': False, 'install_base': '/home/svevqx/delta_bot/software/ros_ws_delta/src/install/arducam_rclpy_tof_pointcloud', 'merge_install': False, 'path': '/home/svevqx/delta_bot/software/ros_ws_delta/src/arducam_rclpy_tof_pointcloud', 'symlink_install': False, 'test_result_base': None}
[0.409s] Level 5:colcon.colcon_core.verb:set package 'delta_ros' build argument 'cmake_args' from command line to 'None'
[0.410s] Level 5:colcon.colcon_core.verb:set package 'delta_ros' build argument 'cmake_target' from command line to 'None'
[0.410s] Level 5:colcon.colcon_core.verb:set package 'delta_ros' build argument 'cmake_target_skip_unavailable' from command line to 'False'
[0.410s] Level 5:colcon.colcon_core.verb:set package 'delta_ros' build argument 'cmake_clean_cache' from command line to 'False'
[0.410s] Level 5:colcon.colcon_core.verb:set package 'delta_ros' build argument 'cmake_clean_first' from command line to 'False'
[0.410s] Level 5:colcon.colcon_core.verb:set package 'delta_ros' build argument 'cmake_force_configure' from command line to 'False'
[0.410s] Level 5:colcon.colcon_core.verb:set package 'delta_ros' build argument 'ament_cmake_args' from command line to 'None'
[0.410s] Level 5:colcon.colcon_core.verb:set package 'delta_ros' build argument 'catkin_cmake_args' from command line to 'None'
[0.410s] Level 5:colcon.colcon_core.verb:set package 'delta_ros' build argument 'catkin_skip_building_tests' from command line to 'False'
[0.410s] DEBUG:colcon.colcon_core.verb:Building package 'delta_ros' with the following arguments: {'ament_cmake_args': None, 'build_base': '/home/svevqx/delta_bot/software/ros_ws_delta/src/build/delta_ros', 'catkin_cmake_args': None, 'catkin_skip_building_tests': False, 'cmake_args': None, 'cmake_clean_cache': False, 'cmake_clean_first': False, 'cmake_force_configure': False, 'cmake_target': None, 'cmake_target_skip_unavailable': False, 'install_base': '/home/svevqx/delta_bot/software/ros_ws_delta/src/install/delta_ros', 'merge_install': False, 'path': '/home/svevqx/delta_bot/software/ros_ws_delta/src/delta_ros', 'symlink_install': False, 'test_result_base': None}
[0.411s] Level 5:colcon.colcon_core.verb:set package 'grbl_ros' build argument 'cmake_args' from command line to 'None'
[0.411s] Level 5:colcon.colcon_core.verb:set package 'grbl_ros' build argument 'cmake_target' from command line to 'None'
[0.411s] Level 5:colcon.colcon_core.verb:set package 'grbl_ros' build argument 'cmake_target_skip_unavailable' from command line to 'False'
[0.411s] Level 5:colcon.colcon_core.verb:set package 'grbl_ros' build argument 'cmake_clean_cache' from command line to 'False'
[0.411s] Level 5:colcon.colcon_core.verb:set package 'grbl_ros' build argument 'cmake_clean_first' from command line to 'False'
[0.411s] Level 5:colcon.colcon_core.verb:set package 'grbl_ros' build argument 'cmake_force_configure' from command line to 'False'
[0.411s] Level 5:colcon.colcon_core.verb:set package 'grbl_ros' build argument 'ament_cmake_args' from command line to 'None'
[0.411s] Level 5:colcon.colcon_core.verb:set package 'grbl_ros' build argument 'catkin_cmake_args' from command line to 'None'
[0.411s] Level 5:colcon.colcon_core.verb:set package 'grbl_ros' build argument 'catkin_skip_building_tests' from command line to 'False'
[0.411s] DEBUG:colcon.colcon_core.verb:Building package 'grbl_ros' with the following arguments: {'ament_cmake_args': None, 'build_base': '/home/svevqx/delta_bot/software/ros_ws_delta/src/build/grbl_ros', 'catkin_cmake_args': None, 'catkin_skip_building_tests': False, 'cmake_args': None, 'cmake_clean_cache': False, 'cmake_clean_first': False, 'cmake_force_configure': False, 'cmake_target': None, 'cmake_target_skip_unavailable': False, 'install_base': '/home/svevqx/delta_bot/software/ros_ws_delta/src/install/grbl_ros', 'merge_install': False, 'path': '/home/svevqx/delta_bot/software/ros_ws_delta/src/grbl_ros', 'symlink_install': False, 'test_result_base': None}
[0.412s] Level 5:colcon.colcon_core.verb:set package 'multiple_object_tracking_lidar' build argument 'cmake_args' from command line to 'None'
[0.412s] Level 5:colcon.colcon_core.verb:set package 'multiple_object_tracking_lidar' build argument 'cmake_target' from command line to 'None'
[0.412s] Level 5:colcon.colcon_core.verb:set package 'multiple_object_tracking_lidar' build argument 'cmake_target_skip_unavailable' from command line to 'False'
[0.412s] Level 5:colcon.colcon_core.verb:set package 'multiple_object_tracking_lidar' build argument 'cmake_clean_cache' from command line to 'False'
[0.412s] Level 5:colcon.colcon_core.verb:set package 'multiple_object_tracking_lidar' build argument 'cmake_clean_first' from command line to 'False'
[0.412s] Level 5:colcon.colcon_core.verb:set package 'multiple_object_tracking_lidar' build argument 'cmake_force_configure' from command line to 'False'
[0.412s] Level 5:colcon.colcon_core.verb:set package 'multiple_object_tracking_lidar' build argument 'ament_cmake_args' from command line to 'None'
[0.413s] Level 5:colcon.colcon_core.verb:set package 'multiple_object_tracking_lidar' build argument 'catkin_cmake_args' from command line to 'None'
[0.413s] Level 5:colcon.colcon_core.verb:set package 'multiple_object_tracking_lidar' build argument 'catkin_skip_building_tests' from command line to 'False'
[0.413s] DEBUG:colcon.colcon_core.verb:Building package 'multiple_object_tracking_lidar' with the following arguments: {'ament_cmake_args': None, 'build_base': '/home/svevqx/delta_bot/software/ros_ws_delta/src/build/multiple_object_tracking_lidar', 'catkin_cmake_args': None, 'catkin_skip_building_tests': False, 'cmake_args': None, 'cmake_clean_cache': False, 'cmake_clean_first': False, 'cmake_force_configure': False, 'cmake_target': None, 'cmake_target_skip_unavailable': False, 'install_base': '/home/svevqx/delta_bot/software/ros_ws_delta/src/install/multiple_object_tracking_lidar', 'merge_install': False, 'path': '/home/svevqx/delta_bot/software/ros_ws_delta/src/multiple_object_tracking_lidar_ros2', 'symlink_install': False, 'test_result_base': None}
[0.413s] Level 5:colcon.colcon_core.verb:set package 'remote_serial' build argument 'cmake_args' from command line to 'None'
[0.413s] Level 5:colcon.colcon_core.verb:set package 'remote_serial' build argument 'cmake_target' from command line to 'None'
[0.414s] Level 5:colcon.colcon_core.verb:set package 'remote_serial' build argument 'cmake_target_skip_unavailable' from command line to 'False'
[0.414s] Level 5:colcon.colcon_core.verb:set package 'remote_serial' build argument 'cmake_clean_cache' from command line to 'False'
[0.414s] Level 5:colcon.colcon_core.verb:set package 'remote_serial' build argument 'cmake_clean_first' from command line to 'False'
[0.414s] Level 5:colcon.colcon_core.verb:set package 'remote_serial' build argument 'cmake_force_configure' from command line to 'False'
[0.414s] Level 5:colcon.colcon_core.verb:set package 'remote_serial' build argument 'ament_cmake_args' from command line to 'None'
[0.414s] Level 5:colcon.colcon_core.verb:set package 'remote_serial' build argument 'catkin_cmake_args' from command line to 'None'
[0.414s] Level 5:colcon.colcon_core.verb:set package 'remote_serial' build argument 'catkin_skip_building_tests' from command line to 'False'
[0.414s] DEBUG:colcon.colcon_core.verb:Building package 'remote_serial' with the following arguments: {'ament_cmake_args': None, 'build_base': '/home/svevqx/delta_bot/software/ros_ws_delta/src/build/remote_serial', 'catkin_cmake_args': None, 'catkin_skip_building_tests': False, 'cmake_args': None, 'cmake_clean_cache': False, 'cmake_clean_first': False, 'cmake_force_configure': False, 'cmake_target': None, 'cmake_target_skip_unavailable': False, 'install_base': '/home/svevqx/delta_bot/software/ros_ws_delta/src/install/remote_serial', 'merge_install': False, 'path': '/home/svevqx/delta_bot/software/ros_ws_delta/src/serial', 'symlink_install': False, 'test_result_base': None}
[0.415s] Level 5:colcon.colcon_core.verb:set package 'rock_detector' build argument 'cmake_args' from command line to 'None'
[0.415s] Level 5:colcon.colcon_core.verb:set package 'rock_detector' build argument 'cmake_target' from command line to 'None'
[0.415s] Level 5:colcon.colcon_core.verb:set package 'rock_detector' build argument 'cmake_target_skip_unavailable' from command line to 'False'
[0.415s] Level 5:colcon.colcon_core.verb:set package 'rock_detector' build argument 'cmake_clean_cache' from command line to 'False'
[0.415s] Level 5:colcon.colcon_core.verb:set package 'rock_detector' build argument 'cmake_clean_first' from command line to 'False'
[0.415s] Level 5:colcon.colcon_core.verb:set package 'rock_detector' build argument 'cmake_force_configure' from command line to 'False'
[0.415s] Level 5:colcon.colcon_core.verb:set package 'rock_detector' build argument 'ament_cmake_args' from command line to 'None'
[0.415s] Level 5:colcon.colcon_core.verb:set package 'rock_detector' build argument 'catkin_cmake_args' from command line to 'None'
[0.415s] Level 5:colcon.colcon_core.verb:set package 'rock_detector' build argument 'catkin_skip_building_tests' from command line to 'False'
[0.415s] DEBUG:colcon.colcon_core.verb:Building package 'rock_detector' with the following arguments: {'ament_cmake_args': None, 'build_base': '/home/svevqx/delta_bot/software/ros_ws_delta/src/build/rock_detector', 'catkin_cmake_args': None, 'catkin_skip_building_tests': False, 'cmake_args': None, 'cmake_clean_cache': False, 'cmake_clean_first': False, 'cmake_force_configure': False, 'cmake_target': None, 'cmake_target_skip_unavailable': False, 'install_base': '/home/svevqx/delta_bot/software/ros_ws_delta/src/install/rock_detector', 'merge_install': False, 'path': '/home/svevqx/delta_bot/software/ros_ws_delta/src/rock_detector', 'symlink_install': False, 'test_result_base': None}
[0.416s] Level 5:colcon.colcon_core.verb:set package 'rock_stacking' build argument 'cmake_args' from command line to 'None'
[0.416s] Level 5:colcon.colcon_core.verb:set package 'rock_stacking' build argument 'cmake_target' from command line to 'None'
[0.416s] Level 5:colcon.colcon_core.verb:set package 'rock_stacking' build argument 'cmake_target_skip_unavailable' from command line to 'False'
[0.416s] Level 5:colcon.colcon_core.verb:set package 'rock_stacking' build argument 'cmake_clean_cache' from command line to 'False'
[0.416s] Level 5:colcon.colcon_core.verb:set package 'rock_stacking' build argument 'cmake_clean_first' from command line to 'False'
[0.416s] Level 5:colcon.colcon_core.verb:set package 'rock_stacking' build argument 'cmake_force_configure' from command line to 'False'
[0.416s] Level 5:colcon.colcon_core.verb:set package 'rock_stacking' build argument 'ament_cmake_args' from command line to 'None'
[0.416s] Level 5:colcon.colcon_core.verb:set package 'rock_stacking' build argument 'catkin_cmake_args' from command line to 'None'
[0.416s] Level 5:colcon.colcon_core.verb:set package 'rock_stacking' build argument 'catkin_skip_building_tests' from command line to 'False'
[0.416s] DEBUG:colcon.colcon_core.verb:Building package 'rock_stacking' with the following arguments: {'ament_cmake_args': None, 'build_base': '/home/svevqx/delta_bot/software/ros_ws_delta/src/build/rock_stacking', 'catkin_cmake_args': None, 'catkin_skip_building_tests': False, 'cmake_args': None, 'cmake_clean_cache': False, 'cmake_clean_first': False, 'cmake_force_configure': False, 'cmake_target': None, 'cmake_target_skip_unavailable': False, 'install_base': '/home/svevqx/delta_bot/software/ros_ws_delta/src/install/rock_stacking', 'merge_install': False, 'path': '/home/svevqx/delta_bot/software/ros_ws_delta/src/rock_stacking', 'symlink_install': False, 'test_result_base': None}
[0.417s] INFO:colcon.colcon_core.executor:Executing jobs using 'parallel' executor
[0.418s] DEBUG:colcon.colcon_parallel_executor.executor.parallel:run_until_complete
[0.418s] INFO:colcon.colcon_ros.task.ament_python.build:Building ROS package in '/home/svevqx/delta_bot/software/ros_ws_delta/src/arducam_rclpy_tof_pointcloud' with build type 'ament_python'
[0.419s] Level 1:colcon.colcon_core.shell:create_environment_hook('arducam_rclpy_tof_pointcloud', 'ament_prefix_path')
[0.423s] INFO:colcon.colcon_core.plugin_system:Skipping extension 'colcon_core.shell.bat': Not used on non-Windows systems
[0.424s] INFO:colcon.colcon_core.shell:Creating environment hook '/home/svevqx/delta_bot/software/ros_ws_delta/src/install/arducam_rclpy_tof_pointcloud/share/arducam_rclpy_tof_pointcloud/hook/ament_prefix_path.ps1'
[0.425s] INFO:colcon.colcon_core.shell:Creating environment descriptor '/home/svevqx/delta_bot/software/ros_ws_delta/src/install/arducam_rclpy_tof_pointcloud/share/arducam_rclpy_tof_pointcloud/hook/ament_prefix_path.dsv'
[0.427s] INFO:colcon.colcon_core.shell:Creating environment hook '/home/svevqx/delta_bot/software/ros_ws_delta/src/install/arducam_rclpy_tof_pointcloud/share/arducam_rclpy_tof_pointcloud/hook/ament_prefix_path.sh'
[0.429s] INFO:colcon.colcon_core.shell:Skip shell extension 'powershell' for command environment: Not usable outside of PowerShell
[0.429s] DEBUG:colcon.colcon_core.shell:Skip shell extension 'dsv' for command environment
[0.440s] INFO:colcon.colcon_ros.task.ament_python.build:Building ROS package in '/home/svevqx/delta_bot/software/ros_ws_delta/src/delta_ros' with build type 'ament_python'
[0.441s] Level 1:colcon.colcon_core.shell:create_environment_hook('delta_ros', 'ament_prefix_path')
[0.441s] INFO:colcon.colcon_core.shell:Creating environment hook '/home/svevqx/delta_bot/software/ros_ws_delta/src/install/delta_ros/share/delta_ros/hook/ament_prefix_path.ps1'
[0.442s] INFO:colcon.colcon_core.shell:Creating environment descriptor '/home/svevqx/delta_bot/software/ros_ws_delta/src/install/delta_ros/share/delta_ros/hook/ament_prefix_path.dsv'
[0.443s] INFO:colcon.colcon_core.shell:Creating environment hook '/home/svevqx/delta_bot/software/ros_ws_delta/src/install/delta_ros/share/delta_ros/hook/ament_prefix_path.sh'
[0.444s] INFO:colcon.colcon_core.shell:Skip shell extension 'powershell' for command environment: Not usable outside of PowerShell
[0.444s] DEBUG:colcon.colcon_core.shell:Skip shell extension 'dsv' for command environment
[0.457s] INFO:colcon.colcon_ros.task.ament_python.build:Building ROS package in '/home/svevqx/delta_bot/software/ros_ws_delta/src/grbl_ros' with build type 'ament_python'
[0.457s] Level 1:colcon.colcon_core.shell:create_environment_hook('grbl_ros', 'ament_prefix_path')
[0.458s] INFO:colcon.colcon_core.shell:Creating environment hook '/home/svevqx/delta_bot/software/ros_ws_delta/src/install/grbl_ros/share/grbl_ros/hook/ament_prefix_path.ps1'
[0.459s] INFO:colcon.colcon_core.shell:Creating environment descriptor '/home/svevqx/delta_bot/software/ros_ws_delta/src/install/grbl_ros/share/grbl_ros/hook/ament_prefix_path.dsv'
[0.460s] INFO:colcon.colcon_core.shell:Creating environment hook '/home/svevqx/delta_bot/software/ros_ws_delta/src/install/grbl_ros/share/grbl_ros/hook/ament_prefix_path.sh'
[0.461s] INFO:colcon.colcon_core.shell:Skip shell extension 'powershell' for command environment: Not usable outside of PowerShell
[0.461s] DEBUG:colcon.colcon_core.shell:Skip shell extension 'dsv' for command environment
[0.471s] INFO:colcon.colcon_ros.task.ament_cmake.build:Building ROS package in '/home/svevqx/delta_bot/software/ros_ws_delta/src/multiple_object_tracking_lidar_ros2' with build type 'ament_cmake'
[0.471s] INFO:colcon.colcon_cmake.task.cmake.build:Building CMake package in '/home/svevqx/delta_bot/software/ros_ws_delta/src/multiple_object_tracking_lidar_ros2'
[0.472s] INFO:colcon.colcon_core.shell:Skip shell extension 'powershell' for command environment: Not usable outside of PowerShell
[0.472s] DEBUG:colcon.colcon_core.shell:Skip shell extension 'dsv' for command environment
[0.869s] INFO:colcon.colcon_core.task.python.build:Building Python package in '/home/svevqx/delta_bot/software/ros_ws_delta/src/arducam_rclpy_tof_pointcloud'
[0.869s] INFO:colcon.colcon_core.shell:Skip shell extension 'powershell' for command environment: Not usable outside of PowerShell
[0.869s] DEBUG:colcon.colcon_core.shell:Skip shell extension 'dsv' for command environment
[1.514s] INFO:colcon.colcon_core.task.python.build:Building Python package in '/home/svevqx/delta_bot/software/ros_ws_delta/src/delta_ros'
[1.514s] INFO:colcon.colcon_core.shell:Skip shell extension 'powershell' for command environment: Not usable outside of PowerShell
[1.515s] DEBUG:colcon.colcon_core.shell:Skip shell extension 'dsv' for command environment
[2.069s] INFO:colcon.colcon_core.task.python.build:Building Python package in '/home/svevqx/delta_bot/software/ros_ws_delta/src/grbl_ros'
[2.069s] INFO:colcon.colcon_core.shell:Skip shell extension 'powershell' for command environment: Not usable outside of PowerShell
[2.069s] DEBUG:colcon.colcon_core.shell:Skip shell extension 'dsv' for command environment
[2.084s] DEBUG:colcon.colcon_core.event_handler.log_command:Invoking command in '/home/svevqx/delta_bot/software/ros_ws_delta/src/build/multiple_object_tracking_lidar': CMAKE_PREFIX_PATH=${CMAKE_PREFIX_PATH}:/home/svevqx/delta_bot/software/ros_ws_delta/src/install/grbl_ros:/home/svevqx/delta_bot/software/ros_ws_delta/install/grbl_ros:/home/svevqx/delta_bot/software/ros_ws_delta/install/delta_ros:/home/svevqx/delta_bot/software/ros_ws_delta/install/cnc-interface:/home/svevqx/delta_bot/software/ros_ws_delta/install/arducam_rclpy_tof_pointcloud:/home/svevqx/ros2_ws/install/launch_testing_examples:/home/svevqx/ros2_ws/install/grbl_ros:/home/svevqx/ros2_ws/install/examples_rclpy_pointcloud_publisher:/home/svevqx/ros2_ws/install/examples_rclpy_minimal_subscriber:/home/svevqx/ros2_ws/install/examples_rclpy_minimal_service:/home/svevqx/ros2_ws/install/examples_rclpy_minimal_publisher:/home/svevqx/ros2_ws/install/examples_rclpy_minimal_client:/home/svevqx/ros2_ws/install/examples_rclpy_minimal_action_server:/home/svevqx/ros2_ws/install/examples_rclpy_minimal_action_client:/home/svevqx/ros2_ws/install/examples_rclpy_guard_conditions:/home/svevqx/ros2_ws/install/examples_rclpy_executors:/opt/ros/jazzy DEBUGINFOD_URLS=https://debuginfod.ubuntu.com /usr/bin/cmake /home/svevqx/delta_bot/software/ros_ws_delta/src/multiple_object_tracking_lidar_ros2 -DCMAKE_INSTALL_PREFIX=/home/svevqx/delta_bot/software/ros_ws_delta/src/install/multiple_object_tracking_lidar
[5.140s] DEBUG:colcon.colcon_core.event_handler.log_command:Invoking command in '/home/svevqx/delta_bot/software/ros_ws_delta/src/delta_ros': DEBUGINFOD_URLS=https://debuginfod.ubuntu.com PYTHONPATH=/home/svevqx/delta_bot/software/ros_ws_delta/src/build/delta_ros/prefix_override:/usr/lib/python3/dist-packages/colcon_core/task/python/colcon_distutils_commands:/home/svevqx/delta_bot/software/ros_ws_delta/src/install/delta_ros/lib/python3.12/site-packages:${PYTHONPATH} /usr/bin/python3 -W ignore:setup.py install is deprecated -W ignore:easy_install command is deprecated setup.py egg_info --egg-base ../build/delta_ros build --build-base /home/svevqx/delta_bot/software/ros_ws_delta/src/build/delta_ros/build install --record /home/svevqx/delta_bot/software/ros_ws_delta/src/build/delta_ros/install.log --single-version-externally-managed install_data
[5.246s] DEBUG:colcon.colcon_core.event_handler.log_command:Invoking command in '/home/svevqx/delta_bot/software/ros_ws_delta/src/arducam_rclpy_tof_pointcloud': DEBUGINFOD_URLS=https://debuginfod.ubuntu.com PYTHONPATH=/home/svevqx/delta_bot/software/ros_ws_delta/src/build/arducam_rclpy_tof_pointcloud/prefix_override:/usr/lib/python3/dist-packages/colcon_core/task/python/colcon_distutils_commands:/home/svevqx/delta_bot/software/ros_ws_delta/src/install/arducam_rclpy_tof_pointcloud/lib/python3.12/site-packages:${PYTHONPATH} /usr/bin/python3 -W ignore:setup.py install is deprecated -W ignore:easy_install command is deprecated setup.py egg_info --egg-base ../build/arducam_rclpy_tof_pointcloud build --build-base /home/svevqx/delta_bot/software/ros_ws_delta/src/build/arducam_rclpy_tof_pointcloud/build install --record /home/svevqx/delta_bot/software/ros_ws_delta/src/build/arducam_rclpy_tof_pointcloud/install.log --single-version-externally-managed install_data
[5.379s] DEBUG:colcon.colcon_core.event_handler.log_command:Invoking command in '/home/svevqx/delta_bot/software/ros_ws_delta/src/grbl_ros': DEBUGINFOD_URLS=https://debuginfod.ubuntu.com PYTHONPATH=/home/svevqx/delta_bot/software/ros_ws_delta/src/build/grbl_ros/prefix_override:/usr/lib/python3/dist-packages/colcon_core/task/python/colcon_distutils_commands:/home/svevqx/delta_bot/software/ros_ws_delta/src/install/grbl_ros/lib/python3.12/site-packages:${PYTHONPATH} /usr/bin/python3 -W ignore:setup.py install is deprecated -W ignore:easy_install command is deprecated setup.py egg_info --egg-base ../build/grbl_ros build --build-base /home/svevqx/delta_bot/software/ros_ws_delta/src/build/grbl_ros/build install --record /home/svevqx/delta_bot/software/ros_ws_delta/src/build/grbl_ros/install.log --install-scripts $base/lib/grbl_ros --single-version-externally-managed install_data
[8.849s] DEBUG:colcon.colcon_core.event_handler.log_command:Invoked command in '/home/svevqx/delta_bot/software/ros_ws_delta/src/grbl_ros' returned '0': DEBUGINFOD_URLS=https://debuginfod.ubuntu.com PYTHONPATH=/home/svevqx/delta_bot/software/ros_ws_delta/src/build/grbl_ros/prefix_override:/usr/lib/python3/dist-packages/colcon_core/task/python/colcon_distutils_commands:/home/svevqx/delta_bot/software/ros_ws_delta/src/install/grbl_ros/lib/python3.12/site-packages:${PYTHONPATH} /usr/bin/python3 -W ignore:setup.py install is deprecated -W ignore:easy_install command is deprecated setup.py egg_info --egg-base ../build/grbl_ros build --build-base /home/svevqx/delta_bot/software/ros_ws_delta/src/build/grbl_ros/build install --record /home/svevqx/delta_bot/software/ros_ws_delta/src/build/grbl_ros/install.log --install-scripts $base/lib/grbl_ros --single-version-externally-managed install_data
[8.856s] Level 1:colcon.colcon_core.environment:checking '/home/svevqx/delta_bot/software/ros_ws_delta/src/install/grbl_ros' for CMake module files
[8.858s] Level 1:colcon.colcon_core.environment:checking '/home/svevqx/delta_bot/software/ros_ws_delta/src/install/grbl_ros' for CMake config files
[8.865s] Level 1:colcon.colcon_core.environment:checking '/home/svevqx/delta_bot/software/ros_ws_delta/src/install/grbl_ros/lib'
[8.866s] Level 1:colcon.colcon_core.environment:checking '/home/svevqx/delta_bot/software/ros_ws_delta/src/install/grbl_ros/bin'
[8.866s] Level 1:colcon.colcon_core.environment:checking '/home/svevqx/delta_bot/software/ros_ws_delta/src/install/grbl_ros/lib/pkgconfig/grbl_ros.pc'
[8.867s] Level 1:colcon.colcon_core.environment:checking '/home/svevqx/delta_bot/software/ros_ws_delta/src/install/grbl_ros/lib/python3.12/site-packages'
[8.867s] Level 1:colcon.colcon_core.shell:create_environment_hook('grbl_ros', 'pythonpath')
[8.871s] INFO:colcon.colcon_core.shell:Creating environment hook '/home/svevqx/delta_bot/software/ros_ws_delta/src/install/grbl_ros/share/grbl_ros/hook/pythonpath.ps1'
[8.875s] INFO:colcon.colcon_core.shell:Creating environment descriptor '/home/svevqx/delta_bot/software/ros_ws_delta/src/install/grbl_ros/share/grbl_ros/hook/pythonpath.dsv'
[8.878s] INFO:colcon.colcon_core.shell:Creating environment hook '/home/svevqx/delta_bot/software/ros_ws_delta/src/install/grbl_ros/share/grbl_ros/hook/pythonpath.sh'
[8.882s] Level 1:colcon.colcon_core.environment:checking '/home/svevqx/delta_bot/software/ros_ws_delta/src/install/grbl_ros/bin'
[8.882s] Level 1:colcon.colcon_core.environment:create_environment_scripts_only(grbl_ros)
[8.883s] INFO:colcon.colcon_core.shell:Creating package script '/home/svevqx/delta_bot/software/ros_ws_delta/src/install/grbl_ros/share/grbl_ros/package.ps1'
[8.887s] INFO:colcon.colcon_core.shell:Creating package descriptor '/home/svevqx/delta_bot/software/ros_ws_delta/src/install/grbl_ros/share/grbl_ros/package.dsv'
[8.891s] INFO:colcon.colcon_core.shell:Creating package script '/home/svevqx/delta_bot/software/ros_ws_delta/src/install/grbl_ros/share/grbl_ros/package.sh'
[8.895s] INFO:colcon.colcon_core.shell:Creating package script '/home/svevqx/delta_bot/software/ros_ws_delta/src/install/grbl_ros/share/grbl_ros/package.bash'
[8.900s] INFO:colcon.colcon_core.shell:Creating package script '/home/svevqx/delta_bot/software/ros_ws_delta/src/install/grbl_ros/share/grbl_ros/package.zsh'
[8.904s] Level 1:colcon.colcon_core.environment:create_file_with_runtime_dependencies(/home/svevqx/delta_bot/software/ros_ws_delta/src/install/grbl_ros/share/colcon-core/packages/grbl_ros)
[8.907s] INFO:colcon.colcon_ros.task.ament_cmake.build:Building ROS package in '/home/svevqx/delta_bot/software/ros_ws_delta/src/serial' with build type 'ament_cmake'
[8.912s] INFO:colcon.colcon_cmake.task.cmake.build:Building CMake package in '/home/svevqx/delta_bot/software/ros_ws_delta/src/serial'
[8.913s] INFO:colcon.colcon_core.shell:Skip shell extension 'powershell' for command environment: Not usable outside of PowerShell
[8.913s] DEBUG:colcon.colcon_core.shell:Skip shell extension 'dsv' for command environment
[8.985s] DEBUG:colcon.colcon_core.event_handler.log_command:Invoking command in '/home/svevqx/delta_bot/software/ros_ws_delta/src/build/remote_serial': CMAKE_PREFIX_PATH=${CMAKE_PREFIX_PATH}:/home/svevqx/delta_bot/software/ros_ws_delta/src/install/grbl_ros:/home/svevqx/delta_bot/software/ros_ws_delta/install/grbl_ros:/home/svevqx/delta_bot/software/ros_ws_delta/install/delta_ros:/home/svevqx/delta_bot/software/ros_ws_delta/install/cnc-interface:/home/svevqx/delta_bot/software/ros_ws_delta/install/arducam_rclpy_tof_pointcloud:/home/svevqx/ros2_ws/install/launch_testing_examples:/home/svevqx/ros2_ws/install/grbl_ros:/home/svevqx/ros2_ws/install/examples_rclpy_pointcloud_publisher:/home/svevqx/ros2_ws/install/examples_rclpy_minimal_subscriber:/home/svevqx/ros2_ws/install/examples_rclpy_minimal_service:/home/svevqx/ros2_ws/install/examples_rclpy_minimal_publisher:/home/svevqx/ros2_ws/install/examples_rclpy_minimal_client:/home/svevqx/ros2_ws/install/examples_rclpy_minimal_action_server:/home/svevqx/ros2_ws/install/examples_rclpy_minimal_action_client:/home/svevqx/ros2_ws/install/examples_rclpy_guard_conditions:/home/svevqx/ros2_ws/install/examples_rclpy_executors:/opt/ros/jazzy DEBUGINFOD_URLS=https://debuginfod.ubuntu.com /usr/bin/cmake /home/svevqx/delta_bot/software/ros_ws_delta/src/serial -DCMAKE_INSTALL_PREFIX=/home/svevqx/delta_bot/software/ros_ws_delta/src/install/remote_serial
[9.181s] Level 1:colcon.colcon_core.environment:checking '/home/svevqx/delta_bot/software/ros_ws_delta/src/install/arducam_rclpy_tof_pointcloud' for CMake module files
[9.184s] DEBUG:colcon.colcon_core.event_handler.log_command:Invoked command in '/home/svevqx/delta_bot/software/ros_ws_delta/src/arducam_rclpy_tof_pointcloud' returned '0': DEBUGINFOD_URLS=https://debuginfod.ubuntu.com PYTHONPATH=/home/svevqx/delta_bot/software/ros_ws_delta/src/build/arducam_rclpy_tof_pointcloud/prefix_override:/usr/lib/python3/dist-packages/colcon_core/task/python/colcon_distutils_commands:/home/svevqx/delta_bot/software/ros_ws_delta/src/install/arducam_rclpy_tof_pointcloud/lib/python3.12/site-packages:${PYTHONPATH} /usr/bin/python3 -W ignore:setup.py install is deprecated -W ignore:easy_install command is deprecated setup.py egg_info --egg-base ../build/arducam_rclpy_tof_pointcloud build --build-base /home/svevqx/delta_bot/software/ros_ws_delta/src/build/arducam_rclpy_tof_pointcloud/build install --record /home/svevqx/delta_bot/software/ros_ws_delta/src/build/arducam_rclpy_tof_pointcloud/install.log --single-version-externally-managed install_data
[9.187s] Level 1:colcon.colcon_core.environment:checking '/home/svevqx/delta_bot/software/ros_ws_delta/src/install/arducam_rclpy_tof_pointcloud' for CMake config files
[9.188s] Level 1:colcon.colcon_core.environment:checking '/home/svevqx/delta_bot/software/ros_ws_delta/src/install/arducam_rclpy_tof_pointcloud/lib'
[9.189s] Level 1:colcon.colcon_core.environment:checking '/home/svevqx/delta_bot/software/ros_ws_delta/src/install/arducam_rclpy_tof_pointcloud/bin'
[9.189s] Level 1:colcon.colcon_core.environment:checking '/home/svevqx/delta_bot/software/ros_ws_delta/src/install/arducam_rclpy_tof_pointcloud/lib/pkgconfig/arducam_rclpy_tof_pointcloud.pc'
[9.190s] Level 1:colcon.colcon_core.environment:checking '/home/svevqx/delta_bot/software/ros_ws_delta/src/install/arducam_rclpy_tof_pointcloud/lib/python3.12/site-packages'
[9.191s] Level 1:colcon.colcon_core.shell:create_environment_hook('arducam_rclpy_tof_pointcloud', 'pythonpath')
[9.192s] INFO:colcon.colcon_core.shell:Creating environment hook '/home/svevqx/delta_bot/software/ros_ws_delta/src/install/arducam_rclpy_tof_pointcloud/share/arducam_rclpy_tof_pointcloud/hook/pythonpath.ps1'
[9.194s] INFO:colcon.colcon_core.shell:Creating environment descriptor '/home/svevqx/delta_bot/software/ros_ws_delta/src/install/arducam_rclpy_tof_pointcloud/share/arducam_rclpy_tof_pointcloud/hook/pythonpath.dsv'
[9.195s] INFO:colcon.colcon_core.shell:Creating environment hook '/home/svevqx/delta_bot/software/ros_ws_delta/src/install/arducam_rclpy_tof_pointcloud/share/arducam_rclpy_tof_pointcloud/hook/pythonpath.sh'
[9.198s] Level 1:colcon.colcon_core.environment:checking '/home/svevqx/delta_bot/software/ros_ws_delta/src/install/arducam_rclpy_tof_pointcloud/bin'
[9.199s] Level 1:colcon.colcon_core.environment:create_environment_scripts_only(arducam_rclpy_tof_pointcloud)
[9.200s] INFO:colcon.colcon_core.shell:Creating package script '/home/svevqx/delta_bot/software/ros_ws_delta/src/install/arducam_rclpy_tof_pointcloud/share/arducam_rclpy_tof_pointcloud/package.ps1'
[9.202s] INFO:colcon.colcon_core.shell:Creating package descriptor '/home/svevqx/delta_bot/software/ros_ws_delta/src/install/arducam_rclpy_tof_pointcloud/share/arducam_rclpy_tof_pointcloud/package.dsv'
[9.205s] INFO:colcon.colcon_core.shell:Creating package script '/home/svevqx/delta_bot/software/ros_ws_delta/src/install/arducam_rclpy_tof_pointcloud/share/arducam_rclpy_tof_pointcloud/package.sh'
[9.207s] INFO:colcon.colcon_core.shell:Creating package script '/home/svevqx/delta_bot/software/ros_ws_delta/src/install/arducam_rclpy_tof_pointcloud/share/arducam_rclpy_tof_pointcloud/package.bash'
[9.209s] INFO:colcon.colcon_core.shell:Creating package script '/home/svevqx/delta_bot/software/ros_ws_delta/src/install/arducam_rclpy_tof_pointcloud/share/arducam_rclpy_tof_pointcloud/package.zsh'
[9.211s] Level 1:colcon.colcon_core.environment:create_file_with_runtime_dependencies(/home/svevqx/delta_bot/software/ros_ws_delta/src/install/arducam_rclpy_tof_pointcloud/share/colcon-core/packages/arducam_rclpy_tof_pointcloud)
[9.212s] INFO:colcon.colcon_ros.task.ament_cmake.build:Building ROS package in '/home/svevqx/delta_bot/software/ros_ws_delta/src/rock_detector' with build type 'ament_cmake'
[9.213s] INFO:colcon.colcon_cmake.task.cmake.build:Building CMake package in '/home/svevqx/delta_bot/software/ros_ws_delta/src/rock_detector'
[9.216s] INFO:colcon.colcon_core.shell:Skip shell extension 'powershell' for command environment: Not usable outside of PowerShell
[9.216s] DEBUG:colcon.colcon_core.shell:Skip shell extension 'dsv' for command environment
[9.298s] DEBUG:colcon.colcon_core.event_handler.log_command:Invoking command in '/home/svevqx/delta_bot/software/ros_ws_delta/src/build/rock_detector': CMAKE_PREFIX_PATH=${CMAKE_PREFIX_PATH}:/home/svevqx/delta_bot/software/ros_ws_delta/src/install/grbl_ros:/home/svevqx/delta_bot/software/ros_ws_delta/install/grbl_ros:/home/svevqx/delta_bot/software/ros_ws_delta/install/delta_ros:/home/svevqx/delta_bot/software/ros_ws_delta/install/cnc-interface:/home/svevqx/delta_bot/software/ros_ws_delta/install/arducam_rclpy_tof_pointcloud:/home/svevqx/ros2_ws/install/launch_testing_examples:/home/svevqx/ros2_ws/install/grbl_ros:/home/svevqx/ros2_ws/install/examples_rclpy_pointcloud_publisher:/home/svevqx/ros2_ws/install/examples_rclpy_minimal_subscriber:/home/svevqx/ros2_ws/install/examples_rclpy_minimal_service:/home/svevqx/ros2_ws/install/examples_rclpy_minimal_publisher:/home/svevqx/ros2_ws/install/examples_rclpy_minimal_client:/home/svevqx/ros2_ws/install/examples_rclpy_minimal_action_server:/home/svevqx/ros2_ws/install/examples_rclpy_minimal_action_client:/home/svevqx/ros2_ws/install/examples_rclpy_guard_conditions:/home/svevqx/ros2_ws/install/examples_rclpy_executors:/opt/ros/jazzy DEBUGINFOD_URLS=https://debuginfod.ubuntu.com /usr/bin/cmake --build /home/svevqx/delta_bot/software/ros_ws_delta/src/build/rock_detector -- -j4 -l4
[9.346s] Level 1:colcon.colcon_core.environment:checking '/home/svevqx/delta_bot/software/ros_ws_delta/src/install/delta_ros' for CMake module files
[9.351s] Level 1:colcon.colcon_core.environment:checking '/home/svevqx/delta_bot/software/ros_ws_delta/src/install/delta_ros' for CMake config files
[9.349s] DEBUG:colcon.colcon_core.event_handler.log_command:Invoked command in '/home/svevqx/delta_bot/software/ros_ws_delta/src/delta_ros' returned '0': DEBUGINFOD_URLS=https://debuginfod.ubuntu.com PYTHONPATH=/home/svevqx/delta_bot/software/ros_ws_delta/src/build/delta_ros/prefix_override:/usr/lib/python3/dist-packages/colcon_core/task/python/colcon_distutils_commands:/home/svevqx/delta_bot/software/ros_ws_delta/src/install/delta_ros/lib/python3.12/site-packages:${PYTHONPATH} /usr/bin/python3 -W ignore:setup.py install is deprecated -W ignore:easy_install command is deprecated setup.py egg_info --egg-base ../build/delta_ros build --build-base /home/svevqx/delta_bot/software/ros_ws_delta/src/build/delta_ros/build install --record /home/svevqx/delta_bot/software/ros_ws_delta/src/build/delta_ros/install.log --single-version-externally-managed install_data
[9.357s] Level 1:colcon.colcon_core.environment:checking '/home/svevqx/delta_bot/software/ros_ws_delta/src/install/delta_ros/lib'
[9.358s] Level 1:colcon.colcon_core.environment:checking '/home/svevqx/delta_bot/software/ros_ws_delta/src/install/delta_ros/bin'
[9.358s] Level 1:colcon.colcon_core.environment:checking '/home/svevqx/delta_bot/software/ros_ws_delta/src/install/delta_ros/lib/pkgconfig/delta_ros.pc'
[9.359s] Level 1:colcon.colcon_core.environment:checking '/home/svevqx/delta_bot/software/ros_ws_delta/src/install/delta_ros/lib/python3.12/site-packages'
[9.359s] Level 1:colcon.colcon_core.shell:create_environment_hook('delta_ros', 'pythonpath')
[9.369s] INFO:colcon.colcon_core.shell:Creating environment hook '/home/svevqx/delta_bot/software/ros_ws_delta/src/install/delta_ros/share/delta_ros/hook/pythonpath.ps1'
[9.371s] INFO:colcon.colcon_core.shell:Creating environment descriptor '/home/svevqx/delta_bot/software/ros_ws_delta/src/install/delta_ros/share/delta_ros/hook/pythonpath.dsv'
[9.378s] INFO:colcon.colcon_core.shell:Creating environment hook '/home/svevqx/delta_bot/software/ros_ws_delta/src/install/delta_ros/share/delta_ros/hook/pythonpath.sh'
[9.384s] Level 1:colcon.colcon_core.environment:checking '/home/svevqx/delta_bot/software/ros_ws_delta/src/install/delta_ros/bin'
[9.384s] Level 1:colcon.colcon_core.environment:create_environment_scripts_only(delta_ros)
[9.385s] INFO:colcon.colcon_core.shell:Creating package script '/home/svevqx/delta_bot/software/ros_ws_delta/src/install/delta_ros/share/delta_ros/package.ps1'
[9.389s] INFO:colcon.colcon_core.shell:Creating package descriptor '/home/svevqx/delta_bot/software/ros_ws_delta/src/install/delta_ros/share/delta_ros/package.dsv'
[9.393s] INFO:colcon.colcon_core.shell:Creating package script '/home/svevqx/delta_bot/software/ros_ws_delta/src/install/delta_ros/share/delta_ros/package.sh'
[9.395s] INFO:colcon.colcon_core.shell:Creating package script '/home/svevqx/delta_bot/software/ros_ws_delta/src/install/delta_ros/share/delta_ros/package.bash'
[9.396s] INFO:colcon.colcon_core.shell:Creating package script '/home/svevqx/delta_bot/software/ros_ws_delta/src/install/delta_ros/share/delta_ros/package.zsh'
[9.397s] Level 1:colcon.colcon_core.environment:create_file_with_runtime_dependencies(/home/svevqx/delta_bot/software/ros_ws_delta/src/install/delta_ros/share/colcon-core/packages/delta_ros)
[9.399s] INFO:colcon.colcon_ros.task.ament_cmake.build:Building ROS package in '/home/svevqx/delta_bot/software/ros_ws_delta/src/rock_stacking' with build type 'ament_cmake'
[9.399s] INFO:colcon.colcon_cmake.task.cmake.build:Building CMake package in '/home/svevqx/delta_bot/software/ros_ws_delta/src/rock_stacking'
[9.400s] INFO:colcon.colcon_core.shell:Skip shell extension 'powershell' for command environment: Not usable outside of PowerShell
[9.400s] DEBUG:colcon.colcon_core.shell:Skip shell extension 'dsv' for command environment
[9.456s] DEBUG:colcon.colcon_core.event_handler.log_command:Invoking command in '/home/svevqx/delta_bot/software/ros_ws_delta/src/build/rock_stacking': CMAKE_PREFIX_PATH=${CMAKE_PREFIX_PATH}:/home/svevqx/delta_bot/software/ros_ws_delta/src/install/grbl_ros:/home/svevqx/delta_bot/software/ros_ws_delta/install/grbl_ros:/home/svevqx/delta_bot/software/ros_ws_delta/install/delta_ros:/home/svevqx/delta_bot/software/ros_ws_delta/install/cnc-interface:/home/svevqx/delta_bot/software/ros_ws_delta/install/arducam_rclpy_tof_pointcloud:/home/svevqx/ros2_ws/install/launch_testing_examples:/home/svevqx/ros2_ws/install/grbl_ros:/home/svevqx/ros2_ws/install/examples_rclpy_pointcloud_publisher:/home/svevqx/ros2_ws/install/examples_rclpy_minimal_subscriber:/home/svevqx/ros2_ws/install/examples_rclpy_minimal_service:/home/svevqx/ros2_ws/install/examples_rclpy_minimal_publisher:/home/svevqx/ros2_ws/install/examples_rclpy_minimal_client:/home/svevqx/ros2_ws/install/examples_rclpy_minimal_action_server:/home/svevqx/ros2_ws/install/examples_rclpy_minimal_action_client:/home/svevqx/ros2_ws/install/examples_rclpy_guard_conditions:/home/svevqx/ros2_ws/install/examples_rclpy_executors:/opt/ros/jazzy DEBUGINFOD_URLS=https://debuginfod.ubuntu.com /usr/bin/cmake /home/svevqx/delta_bot/software/ros_ws_delta/src/rock_stacking -DCMAKE_INSTALL_PREFIX=/home/svevqx/delta_bot/software/ros_ws_delta/src/install/rock_stacking
[16.208s] DEBUG:colcon.colcon_core.event_handler.log_command:Invoked command in '/home/svevqx/delta_bot/software/ros_ws_delta/src/build/remote_serial' returned '0': CMAKE_PREFIX_PATH=${CMAKE_PREFIX_PATH}:/home/svevqx/delta_bot/software/ros_ws_delta/src/install/grbl_ros:/home/svevqx/delta_bot/software/ros_ws_delta/install/grbl_ros:/home/svevqx/delta_bot/software/ros_ws_delta/install/delta_ros:/home/svevqx/delta_bot/software/ros_ws_delta/install/cnc-interface:/home/svevqx/delta_bot/software/ros_ws_delta/install/arducam_rclpy_tof_pointcloud:/home/svevqx/ros2_ws/install/launch_testing_examples:/home/svevqx/ros2_ws/install/grbl_ros:/home/svevqx/ros2_ws/install/examples_rclpy_pointcloud_publisher:/home/svevqx/ros2_ws/install/examples_rclpy_minimal_subscriber:/home/svevqx/ros2_ws/install/examples_rclpy_minimal_service:/home/svevqx/ros2_ws/install/examples_rclpy_minimal_publisher:/home/svevqx/ros2_ws/install/examples_rclpy_minimal_client:/home/svevqx/ros2_ws/install/examples_rclpy_minimal_action_server:/home/svevqx/ros2_ws/install/examples_rclpy_minimal_action_client:/home/svevqx/ros2_ws/install/examples_rclpy_guard_conditions:/home/svevqx/ros2_ws/install/examples_rclpy_executors:/opt/ros/jazzy DEBUGINFOD_URLS=https://debuginfod.ubuntu.com /usr/bin/cmake /home/svevqx/delta_bot/software/ros_ws_delta/src/serial -DCMAKE_INSTALL_PREFIX=/home/svevqx/delta_bot/software/ros_ws_delta/src/install/remote_serial
[16.209s] DEBUG:colcon.colcon_core.event_handler.log_command:Invoking command in '/home/svevqx/delta_bot/software/ros_ws_delta/src/build/remote_serial': CMAKE_PREFIX_PATH=${CMAKE_PREFIX_PATH}:/home/svevqx/delta_bot/software/ros_ws_delta/src/install/grbl_ros:/home/svevqx/delta_bot/software/ros_ws_delta/install/grbl_ros:/home/svevqx/delta_bot/software/ros_ws_delta/install/delta_ros:/home/svevqx/delta_bot/software/ros_ws_delta/install/cnc-interface:/home/svevqx/delta_bot/software/ros_ws_delta/install/arducam_rclpy_tof_pointcloud:/home/svevqx/ros2_ws/install/launch_testing_examples:/home/svevqx/ros2_ws/install/grbl_ros:/home/svevqx/ros2_ws/install/examples_rclpy_pointcloud_publisher:/home/svevqx/ros2_ws/install/examples_rclpy_minimal_subscriber:/home/svevqx/ros2_ws/install/examples_rclpy_minimal_service:/home/svevqx/ros2_ws/install/examples_rclpy_minimal_publisher:/home/svevqx/ros2_ws/install/examples_rclpy_minimal_client:/home/svevqx/ros2_ws/install/examples_rclpy_minimal_action_server:/home/svevqx/ros2_ws/install/examples_rclpy_minimal_action_client:/home/svevqx/ros2_ws/install/examples_rclpy_guard_conditions:/home/svevqx/ros2_ws/install/examples_rclpy_executors:/opt/ros/jazzy DEBUGINFOD_URLS=https://debuginfod.ubuntu.com /usr/bin/cmake --build /home/svevqx/delta_bot/software/ros_ws_delta/src/build/remote_serial -- -j4 -l4
[16.402s] DEBUG:colcon.colcon_core.event_handler.log_command:Invoked command in '/home/svevqx/delta_bot/software/ros_ws_delta/src/build/rock_stacking' returned '0': CMAKE_PREFIX_PATH=${CMAKE_PREFIX_PATH}:/home/svevqx/delta_bot/software/ros_ws_delta/src/install/grbl_ros:/home/svevqx/delta_bot/software/ros_ws_delta/install/grbl_ros:/home/svevqx/delta_bot/software/ros_ws_delta/install/delta_ros:/home/svevqx/delta_bot/software/ros_ws_delta/install/cnc-interface:/home/svevqx/delta_bot/software/ros_ws_delta/install/arducam_rclpy_tof_pointcloud:/home/svevqx/ros2_ws/install/launch_testing_examples:/home/svevqx/ros2_ws/install/grbl_ros:/home/svevqx/ros2_ws/install/examples_rclpy_pointcloud_publisher:/home/svevqx/ros2_ws/install/examples_rclpy_minimal_subscriber:/home/svevqx/ros2_ws/install/examples_rclpy_minimal_service:/home/svevqx/ros2_ws/install/examples_rclpy_minimal_publisher:/home/svevqx/ros2_ws/install/examples_rclpy_minimal_client:/home/svevqx/ros2_ws/install/examples_rclpy_minimal_action_server:/home/svevqx/ros2_ws/install/examples_rclpy_minimal_action_client:/home/svevqx/ros2_ws/install/examples_rclpy_guard_conditions:/home/svevqx/ros2_ws/install/examples_rclpy_executors:/opt/ros/jazzy DEBUGINFOD_URLS=https://debuginfod.ubuntu.com /usr/bin/cmake /home/svevqx/delta_bot/software/ros_ws_delta/src/rock_stacking -DCMAKE_INSTALL_PREFIX=/home/svevqx/delta_bot/software/ros_ws_delta/src/install/rock_stacking
[16.403s] DEBUG:colcon.colcon_core.event_handler.log_command:Invoking command in '/home/svevqx/delta_bot/software/ros_ws_delta/src/build/rock_stacking': CMAKE_PREFIX_PATH=${CMAKE_PREFIX_PATH}:/home/svevqx/delta_bot/software/ros_ws_delta/src/install/grbl_ros:/home/svevqx/delta_bot/software/ros_ws_delta/install/grbl_ros:/home/svevqx/delta_bot/software/ros_ws_delta/install/delta_ros:/home/svevqx/delta_bot/software/ros_ws_delta/install/cnc-interface:/home/svevqx/delta_bot/software/ros_ws_delta/install/arducam_rclpy_tof_pointcloud:/home/svevqx/ros2_ws/install/launch_testing_examples:/home/svevqx/ros2_ws/install/grbl_ros:/home/svevqx/ros2_ws/install/examples_rclpy_pointcloud_publisher:/home/svevqx/ros2_ws/install/examples_rclpy_minimal_subscriber:/home/svevqx/ros2_ws/install/examples_rclpy_minimal_service:/home/svevqx/ros2_ws/install/examples_rclpy_minimal_publisher:/home/svevqx/ros2_ws/install/examples_rclpy_minimal_client:/home/svevqx/ros2_ws/install/examples_rclpy_minimal_action_server:/home/svevqx/ros2_ws/install/examples_rclpy_minimal_action_client:/home/svevqx/ros2_ws/install/examples_rclpy_guard_conditions:/home/svevqx/ros2_ws/install/examples_rclpy_executors:/opt/ros/jazzy DEBUGINFOD_URLS=https://debuginfod.ubuntu.com /usr/bin/cmake --build /home/svevqx/delta_bot/software/ros_ws_delta/src/build/rock_stacking -- -j4 -l4
[46.008s] DEBUG:colcon.colcon_core.event_handler.log_command:Invoked command in '/home/svevqx/delta_bot/software/ros_ws_delta/src/build/multiple_object_tracking_lidar' returned '0': CMAKE_PREFIX_PATH=${CMAKE_PREFIX_PATH}:/home/svevqx/delta_bot/software/ros_ws_delta/src/install/grbl_ros:/home/svevqx/delta_bot/software/ros_ws_delta/install/grbl_ros:/home/svevqx/delta_bot/software/ros_ws_delta/install/delta_ros:/home/svevqx/delta_bot/software/ros_ws_delta/install/cnc-interface:/home/svevqx/delta_bot/software/ros_ws_delta/install/arducam_rclpy_tof_pointcloud:/home/svevqx/ros2_ws/install/launch_testing_examples:/home/svevqx/ros2_ws/install/grbl_ros:/home/svevqx/ros2_ws/install/examples_rclpy_pointcloud_publisher:/home/svevqx/ros2_ws/install/examples_rclpy_minimal_subscriber:/home/svevqx/ros2_ws/install/examples_rclpy_minimal_service:/home/svevqx/ros2_ws/install/examples_rclpy_minimal_publisher:/home/svevqx/ros2_ws/install/examples_rclpy_minimal_client:/home/svevqx/ros2_ws/install/examples_rclpy_minimal_action_server:/home/svevqx/ros2_ws/install/examples_rclpy_minimal_action_client:/home/svevqx/ros2_ws/install/examples_rclpy_guard_conditions:/home/svevqx/ros2_ws/install/examples_rclpy_executors:/opt/ros/jazzy DEBUGINFOD_URLS=https://debuginfod.ubuntu.com /usr/bin/cmake /home/svevqx/delta_bot/software/ros_ws_delta/src/multiple_object_tracking_lidar_ros2 -DCMAKE_INSTALL_PREFIX=/home/svevqx/delta_bot/software/ros_ws_delta/src/install/multiple_object_tracking_lidar
[46.012s] DEBUG:colcon.colcon_core.event_handler.log_command:Invoking command in '/home/svevqx/delta_bot/software/ros_ws_delta/src/build/multiple_object_tracking_lidar': CMAKE_PREFIX_PATH=${CMAKE_PREFIX_PATH}:/home/svevqx/delta_bot/software/ros_ws_delta/src/install/grbl_ros:/home/svevqx/delta_bot/software/ros_ws_delta/install/grbl_ros:/home/svevqx/delta_bot/software/ros_ws_delta/install/delta_ros:/home/svevqx/delta_bot/software/ros_ws_delta/install/cnc-interface:/home/svevqx/delta_bot/software/ros_ws_delta/install/arducam_rclpy_tof_pointcloud:/home/svevqx/ros2_ws/install/launch_testing_examples:/home/svevqx/ros2_ws/install/grbl_ros:/home/svevqx/ros2_ws/install/examples_rclpy_pointcloud_publisher:/home/svevqx/ros2_ws/install/examples_rclpy_minimal_subscriber:/home/svevqx/ros2_ws/install/examples_rclpy_minimal_service:/home/svevqx/ros2_ws/install/examples_rclpy_minimal_publisher:/home/svevqx/ros2_ws/install/examples_rclpy_minimal_client:/home/svevqx/ros2_ws/install/examples_rclpy_minimal_action_server:/home/svevqx/ros2_ws/install/examples_rclpy_minimal_action_client:/home/svevqx/ros2_ws/install/examples_rclpy_guard_conditions:/home/svevqx/ros2_ws/install/examples_rclpy_executors:/opt/ros/jazzy DEBUGINFOD_URLS=https://debuginfod.ubuntu.com /usr/bin/cmake --build /home/svevqx/delta_bot/software/ros_ws_delta/src/build/multiple_object_tracking_lidar -- -j4 -l4
[82.994s] DEBUG:colcon.colcon_core.event_handler.log_command:Invoked command in '/home/svevqx/delta_bot/software/ros_ws_delta/src/build/rock_stacking' returned '0': CMAKE_PREFIX_PATH=${CMAKE_PREFIX_PATH}:/home/svevqx/delta_bot/software/ros_ws_delta/src/install/grbl_ros:/home/svevqx/delta_bot/software/ros_ws_delta/install/grbl_ros:/home/svevqx/delta_bot/software/ros_ws_delta/install/delta_ros:/home/svevqx/delta_bot/software/ros_ws_delta/install/cnc-interface:/home/svevqx/delta_bot/software/ros_ws_delta/install/arducam_rclpy_tof_pointcloud:/home/svevqx/ros2_ws/install/launch_testing_examples:/home/svevqx/ros2_ws/install/grbl_ros:/home/svevqx/ros2_ws/install/examples_rclpy_pointcloud_publisher:/home/svevqx/ros2_ws/install/examples_rclpy_minimal_subscriber:/home/svevqx/ros2_ws/install/examples_rclpy_minimal_service:/home/svevqx/ros2_ws/install/examples_rclpy_minimal_publisher:/home/svevqx/ros2_ws/install/examples_rclpy_minimal_client:/home/svevqx/ros2_ws/install/examples_rclpy_minimal_action_server:/home/svevqx/ros2_ws/install/examples_rclpy_minimal_action_client:/home/svevqx/ros2_ws/install/examples_rclpy_guard_conditions:/home/svevqx/ros2_ws/install/examples_rclpy_executors:/opt/ros/jazzy DEBUGINFOD_URLS=https://debuginfod.ubuntu.com /usr/bin/cmake --build /home/svevqx/delta_bot/software/ros_ws_delta/src/build/rock_stacking -- -j4 -l4
[83.056s] DEBUG:colcon.colcon_core.event_handler.log_command:Invoking command in '/home/svevqx/delta_bot/software/ros_ws_delta/src/build/rock_stacking': CMAKE_PREFIX_PATH=${CMAKE_PREFIX_PATH}:/home/svevqx/delta_bot/software/ros_ws_delta/src/install/grbl_ros:/home/svevqx/delta_bot/software/ros_ws_delta/install/grbl_ros:/home/svevqx/delta_bot/software/ros_ws_delta/install/delta_ros:/home/svevqx/delta_bot/software/ros_ws_delta/install/cnc-interface:/home/svevqx/delta_bot/software/ros_ws_delta/install/arducam_rclpy_tof_pointcloud:/home/svevqx/ros2_ws/install/launch_testing_examples:/home/svevqx/ros2_ws/install/grbl_ros:/home/svevqx/ros2_ws/install/examples_rclpy_pointcloud_publisher:/home/svevqx/ros2_ws/install/examples_rclpy_minimal_subscriber:/home/svevqx/ros2_ws/install/examples_rclpy_minimal_service:/home/svevqx/ros2_ws/install/examples_rclpy_minimal_publisher:/home/svevqx/ros2_ws/install/examples_rclpy_minimal_client:/home/svevqx/ros2_ws/install/examples_rclpy_minimal_action_server:/home/svevqx/ros2_ws/install/examples_rclpy_minimal_action_client:/home/svevqx/ros2_ws/install/examples_rclpy_guard_conditions:/home/svevqx/ros2_ws/install/examples_rclpy_executors:/opt/ros/jazzy DEBUGINFOD_URLS=https://debuginfod.ubuntu.com /usr/bin/cmake --install /home/svevqx/delta_bot/software/ros_ws_delta/src/build/rock_stacking
[83.249s] Level 1:colcon.colcon_core.environment:create_environment_scripts_only(rock_stacking)
[83.251s] Level 1:colcon.colcon_core.environment:checking '/home/svevqx/delta_bot/software/ros_ws_delta/src/install/rock_stacking' for CMake module files
[83.250s] DEBUG:colcon.colcon_core.event_handler.log_command:Invoked command in '/home/svevqx/delta_bot/software/ros_ws_delta/src/build/rock_stacking' returned '0': CMAKE_PREFIX_PATH=${CMAKE_PREFIX_PATH}:/home/svevqx/delta_bot/software/ros_ws_delta/src/install/grbl_ros:/home/svevqx/delta_bot/software/ros_ws_delta/install/grbl_ros:/home/svevqx/delta_bot/software/ros_ws_delta/install/delta_ros:/home/svevqx/delta_bot/software/ros_ws_delta/install/cnc-interface:/home/svevqx/delta_bot/software/ros_ws_delta/install/arducam_rclpy_tof_pointcloud:/home/svevqx/ros2_ws/install/launch_testing_examples:/home/svevqx/ros2_ws/install/grbl_ros:/home/svevqx/ros2_ws/install/examples_rclpy_pointcloud_publisher:/home/svevqx/ros2_ws/install/examples_rclpy_minimal_subscriber:/home/svevqx/ros2_ws/install/examples_rclpy_minimal_service:/home/svevqx/ros2_ws/install/examples_rclpy_minimal_publisher:/home/svevqx/ros2_ws/install/examples_rclpy_minimal_client:/home/svevqx/ros2_ws/install/examples_rclpy_minimal_action_server:/home/svevqx/ros2_ws/install/examples_rclpy_minimal_action_client:/home/svevqx/ros2_ws/install/examples_rclpy_guard_conditions:/home/svevqx/ros2_ws/install/examples_rclpy_executors:/opt/ros/jazzy DEBUGINFOD_URLS=https://debuginfod.ubuntu.com /usr/bin/cmake --install /home/svevqx/delta_bot/software/ros_ws_delta/src/build/rock_stacking
[83.255s] Level 1:colcon.colcon_core.environment:checking '/home/svevqx/delta_bot/software/ros_ws_delta/src/install/rock_stacking' for CMake config files
[83.256s] Level 1:colcon.colcon_core.shell:create_environment_hook('rock_stacking', 'cmake_prefix_path')
[83.259s] INFO:colcon.colcon_core.shell:Creating environment hook '/home/svevqx/delta_bot/software/ros_ws_delta/src/install/rock_stacking/share/rock_stacking/hook/cmake_prefix_path.ps1'
[83.260s] INFO:colcon.colcon_core.shell:Creating environment descriptor '/home/svevqx/delta_bot/software/ros_ws_delta/src/install/rock_stacking/share/rock_stacking/hook/cmake_prefix_path.dsv'
[83.271s] INFO:colcon.colcon_core.shell:Creating environment hook '/home/svevqx/delta_bot/software/ros_ws_delta/src/install/rock_stacking/share/rock_stacking/hook/cmake_prefix_path.sh'
[83.275s] Level 1:colcon.colcon_core.environment:checking '/home/svevqx/delta_bot/software/ros_ws_delta/src/install/rock_stacking/lib'
[83.276s] Level 1:colcon.colcon_core.environment:checking '/home/svevqx/delta_bot/software/ros_ws_delta/src/install/rock_stacking/bin'
[83.276s] Level 1:colcon.colcon_core.environment:checking '/home/svevqx/delta_bot/software/ros_ws_delta/src/install/rock_stacking/lib/pkgconfig/rock_stacking.pc'
[83.281s] Level 1:colcon.colcon_core.environment:checking '/home/svevqx/delta_bot/software/ros_ws_delta/src/install/rock_stacking/lib/python3.12/site-packages'
[83.282s] Level 1:colcon.colcon_core.environment:checking '/home/svevqx/delta_bot/software/ros_ws_delta/src/install/rock_stacking/bin'
[83.283s] INFO:colcon.colcon_core.shell:Creating package script '/home/svevqx/delta_bot/software/ros_ws_delta/src/install/rock_stacking/share/rock_stacking/package.ps1'
[83.294s] INFO:colcon.colcon_core.shell:Creating package descriptor '/home/svevqx/delta_bot/software/ros_ws_delta/src/install/rock_stacking/share/rock_stacking/package.dsv'
[83.303s] INFO:colcon.colcon_core.shell:Creating package script '/home/svevqx/delta_bot/software/ros_ws_delta/src/install/rock_stacking/share/rock_stacking/package.sh'
[83.310s] INFO:colcon.colcon_core.shell:Creating package script '/home/svevqx/delta_bot/software/ros_ws_delta/src/install/rock_stacking/share/rock_stacking/package.bash'
[83.318s] INFO:colcon.colcon_core.shell:Creating package script '/home/svevqx/delta_bot/software/ros_ws_delta/src/install/rock_stacking/share/rock_stacking/package.zsh'
[83.323s] Level 1:colcon.colcon_core.environment:create_file_with_runtime_dependencies(/home/svevqx/delta_bot/software/ros_ws_delta/src/install/rock_stacking/share/colcon-core/packages/rock_stacking)
[83.326s] Level 1:colcon.colcon_core.environment:create_environment_scripts_only(rock_stacking)
[83.331s] Level 1:colcon.colcon_core.environment:checking '/home/svevqx/delta_bot/software/ros_ws_delta/src/install/rock_stacking' for CMake module files
[83.333s] Level 1:colcon.colcon_core.environment:checking '/home/svevqx/delta_bot/software/ros_ws_delta/src/install/rock_stacking' for CMake config files
[83.344s] Level 1:colcon.colcon_core.shell:create_environment_hook('rock_stacking', 'cmake_prefix_path')
[83.345s] INFO:colcon.colcon_core.shell:Creating environment hook '/home/svevqx/delta_bot/software/ros_ws_delta/src/install/rock_stacking/share/rock_stacking/hook/cmake_prefix_path.ps1'
[83.347s] INFO:colcon.colcon_core.shell:Creating environment descriptor '/home/svevqx/delta_bot/software/ros_ws_delta/src/install/rock_stacking/share/rock_stacking/hook/cmake_prefix_path.dsv'
[83.350s] INFO:colcon.colcon_core.shell:Creating environment hook '/home/svevqx/delta_bot/software/ros_ws_delta/src/install/rock_stacking/share/rock_stacking/hook/cmake_prefix_path.sh'
[83.354s] Level 1:colcon.colcon_core.environment:checking '/home/svevqx/delta_bot/software/ros_ws_delta/src/install/rock_stacking/lib'
[83.355s] Level 1:colcon.colcon_core.environment:checking '/home/svevqx/delta_bot/software/ros_ws_delta/src/install/rock_stacking/bin'
[83.355s] Level 1:colcon.colcon_core.environment:checking '/home/svevqx/delta_bot/software/ros_ws_delta/src/install/rock_stacking/lib/pkgconfig/rock_stacking.pc'
[83.356s] Level 1:colcon.colcon_core.environment:checking '/home/svevqx/delta_bot/software/ros_ws_delta/src/install/rock_stacking/lib/python3.12/site-packages'
[83.358s] Level 1:colcon.colcon_core.environment:checking '/home/svevqx/delta_bot/software/ros_ws_delta/src/install/rock_stacking/bin'
[83.365s] INFO:colcon.colcon_core.shell:Creating package script '/home/svevqx/delta_bot/software/ros_ws_delta/src/install/rock_stacking/share/rock_stacking/package.ps1'
[83.370s] INFO:colcon.colcon_core.shell:Creating package descriptor '/home/svevqx/delta_bot/software/ros_ws_delta/src/install/rock_stacking/share/rock_stacking/package.dsv'
[83.373s] INFO:colcon.colcon_core.shell:Creating package script '/home/svevqx/delta_bot/software/ros_ws_delta/src/install/rock_stacking/share/rock_stacking/package.sh'
[83.388s] INFO:colcon.colcon_core.shell:Creating package script '/home/svevqx/delta_bot/software/ros_ws_delta/src/install/rock_stacking/share/rock_stacking/package.bash'
[83.391s] INFO:colcon.colcon_core.shell:Creating package script '/home/svevqx/delta_bot/software/ros_ws_delta/src/install/rock_stacking/share/rock_stacking/package.zsh'
[83.394s] Level 1:colcon.colcon_core.environment:create_file_with_runtime_dependencies(/home/svevqx/delta_bot/software/ros_ws_delta/src/install/rock_stacking/share/colcon-core/packages/rock_stacking)
[145.603s] DEBUG:colcon.colcon_core.event_handler.log_command:Invoked command in '/home/svevqx/delta_bot/software/ros_ws_delta/src/build/rock_detector' returned '0': CMAKE_PREFIX_PATH=${CMAKE_PREFIX_PATH}:/home/svevqx/delta_bot/software/ros_ws_delta/src/install/grbl_ros:/home/svevqx/delta_bot/software/ros_ws_delta/install/grbl_ros:/home/svevqx/delta_bot/software/ros_ws_delta/install/delta_ros:/home/svevqx/delta_bot/software/ros_ws_delta/install/cnc-interface:/home/svevqx/delta_bot/software/ros_ws_delta/install/arducam_rclpy_tof_pointcloud:/home/svevqx/ros2_ws/install/launch_testing_examples:/home/svevqx/ros2_ws/install/grbl_ros:/home/svevqx/ros2_ws/install/examples_rclpy_pointcloud_publisher:/home/svevqx/ros2_ws/install/examples_rclpy_minimal_subscriber:/home/svevqx/ros2_ws/install/examples_rclpy_minimal_service:/home/svevqx/ros2_ws/install/examples_rclpy_minimal_publisher:/home/svevqx/ros2_ws/install/examples_rclpy_minimal_client:/home/svevqx/ros2_ws/install/examples_rclpy_minimal_action_server:/home/svevqx/ros2_ws/install/examples_rclpy_minimal_action_client:/home/svevqx/ros2_ws/install/examples_rclpy_guard_conditions:/home/svevqx/ros2_ws/install/examples_rclpy_executors:/opt/ros/jazzy DEBUGINFOD_URLS=https://debuginfod.ubuntu.com /usr/bin/cmake --build /home/svevqx/delta_bot/software/ros_ws_delta/src/build/rock_detector -- -j4 -l4
[145.620s] DEBUG:colcon.colcon_core.event_handler.log_command:Invoking command in '/home/svevqx/delta_bot/software/ros_ws_delta/src/build/rock_detector': CMAKE_PREFIX_PATH=${CMAKE_PREFIX_PATH}:/home/svevqx/delta_bot/software/ros_ws_delta/src/install/grbl_ros:/home/svevqx/delta_bot/software/ros_ws_delta/install/grbl_ros:/home/svevqx/delta_bot/software/ros_ws_delta/install/delta_ros:/home/svevqx/delta_bot/software/ros_ws_delta/install/cnc-interface:/home/svevqx/delta_bot/software/ros_ws_delta/install/arducam_rclpy_tof_pointcloud:/home/svevqx/ros2_ws/install/launch_testing_examples:/home/svevqx/ros2_ws/install/grbl_ros:/home/svevqx/ros2_ws/install/examples_rclpy_pointcloud_publisher:/home/svevqx/ros2_ws/install/examples_rclpy_minimal_subscriber:/home/svevqx/ros2_ws/install/examples_rclpy_minimal_service:/home/svevqx/ros2_ws/install/examples_rclpy_minimal_publisher:/home/svevqx/ros2_ws/install/examples_rclpy_minimal_client:/home/svevqx/ros2_ws/install/examples_rclpy_minimal_action_server:/home/svevqx/ros2_ws/install/examples_rclpy_minimal_action_client:/home/svevqx/ros2_ws/install/examples_rclpy_guard_conditions:/home/svevqx/ros2_ws/install/examples_rclpy_executors:/opt/ros/jazzy DEBUGINFOD_URLS=https://debuginfod.ubuntu.com /usr/bin/cmake --install /home/svevqx/delta_bot/software/ros_ws_delta/src/build/rock_detector
[145.772s] Level 1:colcon.colcon_core.environment:create_environment_scripts_only(rock_detector)
[145.772s] Level 1:colcon.colcon_core.environment:checking '/home/svevqx/delta_bot/software/ros_ws_delta/src/install/rock_detector' for CMake module files
[145.785s] DEBUG:colcon.colcon_core.event_handler.log_command:Invoked command in '/home/svevqx/delta_bot/software/ros_ws_delta/src/build/rock_detector' returned '0': CMAKE_PREFIX_PATH=${CMAKE_PREFIX_PATH}:/home/svevqx/delta_bot/software/ros_ws_delta/src/install/grbl_ros:/home/svevqx/delta_bot/software/ros_ws_delta/install/grbl_ros:/home/svevqx/delta_bot/software/ros_ws_delta/install/delta_ros:/home/svevqx/delta_bot/software/ros_ws_delta/install/cnc-interface:/home/svevqx/delta_bot/software/ros_ws_delta/install/arducam_rclpy_tof_pointcloud:/home/svevqx/ros2_ws/install/launch_testing_examples:/home/svevqx/ros2_ws/install/grbl_ros:/home/svevqx/ros2_ws/install/examples_rclpy_pointcloud_publisher:/home/svevqx/ros2_ws/install/examples_rclpy_minimal_subscriber:/home/svevqx/ros2_ws/install/examples_rclpy_minimal_service:/home/svevqx/ros2_ws/install/examples_rclpy_minimal_publisher:/home/svevqx/ros2_ws/install/examples_rclpy_minimal_client:/home/svevqx/ros2_ws/install/examples_rclpy_minimal_action_server:/home/svevqx/ros2_ws/install/examples_rclpy_minimal_action_client:/home/svevqx/ros2_ws/install/examples_rclpy_guard_conditions:/home/svevqx/ros2_ws/install/examples_rclpy_executors:/opt/ros/jazzy DEBUGINFOD_URLS=https://debuginfod.ubuntu.com /usr/bin/cmake --install /home/svevqx/delta_bot/software/ros_ws_delta/src/build/rock_detector
[145.787s] Level 1:colcon.colcon_core.environment:checking '/home/svevqx/delta_bot/software/ros_ws_delta/src/install/rock_detector' for CMake config files
[145.801s] Level 1:colcon.colcon_core.shell:create_environment_hook('rock_detector', 'cmake_prefix_path')
[145.801s] INFO:colcon.colcon_core.shell:Creating environment hook '/home/svevqx/delta_bot/software/ros_ws_delta/src/install/rock_detector/share/rock_detector/hook/cmake_prefix_path.ps1'
[145.802s] INFO:colcon.colcon_core.shell:Creating environment descriptor '/home/svevqx/delta_bot/software/ros_ws_delta/src/install/rock_detector/share/rock_detector/hook/cmake_prefix_path.dsv'
[145.811s] INFO:colcon.colcon_core.shell:Creating environment hook '/home/svevqx/delta_bot/software/ros_ws_delta/src/install/rock_detector/share/rock_detector/hook/cmake_prefix_path.sh'
[145.813s] Level 1:colcon.colcon_core.environment:checking '/home/svevqx/delta_bot/software/ros_ws_delta/src/install/rock_detector/lib'
[145.813s] Level 1:colcon.colcon_core.environment:checking '/home/svevqx/delta_bot/software/ros_ws_delta/src/install/rock_detector/bin'
[145.813s] Level 1:colcon.colcon_core.environment:checking '/home/svevqx/delta_bot/software/ros_ws_delta/src/install/rock_detector/lib/pkgconfig/rock_detector.pc'
[145.814s] Level 1:colcon.colcon_core.environment:checking '/home/svevqx/delta_bot/software/ros_ws_delta/src/install/rock_detector/lib/python3.12/site-packages'
[145.815s] Level 1:colcon.colcon_core.environment:checking '/home/svevqx/delta_bot/software/ros_ws_delta/src/install/rock_detector/bin'
[145.824s] INFO:colcon.colcon_core.shell:Creating package script '/home/svevqx/delta_bot/software/ros_ws_delta/src/install/rock_detector/share/rock_detector/package.ps1'
[145.829s] INFO:colcon.colcon_core.shell:Creating package descriptor '/home/svevqx/delta_bot/software/ros_ws_delta/src/install/rock_detector/share/rock_detector/package.dsv'
[145.839s] INFO:colcon.colcon_core.shell:Creating package script '/home/svevqx/delta_bot/software/ros_ws_delta/src/install/rock_detector/share/rock_detector/package.sh'
[145.840s] INFO:colcon.colcon_core.shell:Creating package script '/home/svevqx/delta_bot/software/ros_ws_delta/src/install/rock_detector/share/rock_detector/package.bash'
[145.842s] INFO:colcon.colcon_core.shell:Creating package script '/home/svevqx/delta_bot/software/ros_ws_delta/src/install/rock_detector/share/rock_detector/package.zsh'
[145.843s] Level 1:colcon.colcon_core.environment:create_file_with_runtime_dependencies(/home/svevqx/delta_bot/software/ros_ws_delta/src/install/rock_detector/share/colcon-core/packages/rock_detector)
[145.845s] Level 1:colcon.colcon_core.environment:create_environment_scripts_only(rock_detector)
[145.845s] Level 1:colcon.colcon_core.environment:checking '/home/svevqx/delta_bot/software/ros_ws_delta/src/install/rock_detector' for CMake module files
[145.847s] Level 1:colcon.colcon_core.environment:checking '/home/svevqx/delta_bot/software/ros_ws_delta/src/install/rock_detector' for CMake config files
[145.854s] Level 1:colcon.colcon_core.shell:create_environment_hook('rock_detector', 'cmake_prefix_path')
[145.855s] INFO:colcon.colcon_core.shell:Creating environment hook '/home/svevqx/delta_bot/software/ros_ws_delta/src/install/rock_detector/share/rock_detector/hook/cmake_prefix_path.ps1'
[145.856s] INFO:colcon.colcon_core.shell:Creating environment descriptor '/home/svevqx/delta_bot/software/ros_ws_delta/src/install/rock_detector/share/rock_detector/hook/cmake_prefix_path.dsv'
[145.858s] INFO:colcon.colcon_core.shell:Creating environment hook '/home/svevqx/delta_bot/software/ros_ws_delta/src/install/rock_detector/share/rock_detector/hook/cmake_prefix_path.sh'
[145.859s] Level 1:colcon.colcon_core.environment:checking '/home/svevqx/delta_bot/software/ros_ws_delta/src/install/rock_detector/lib'
[145.860s] Level 1:colcon.colcon_core.environment:checking '/home/svevqx/delta_bot/software/ros_ws_delta/src/install/rock_detector/bin'
[145.860s] Level 1:colcon.colcon_core.environment:checking '/home/svevqx/delta_bot/software/ros_ws_delta/src/install/rock_detector/lib/pkgconfig/rock_detector.pc'
[145.861s] Level 1:colcon.colcon_core.environment:checking '/home/svevqx/delta_bot/software/ros_ws_delta/src/install/rock_detector/lib/python3.12/site-packages'
[145.861s] Level 1:colcon.colcon_core.environment:checking '/home/svevqx/delta_bot/software/ros_ws_delta/src/install/rock_detector/bin'
[145.862s] INFO:colcon.colcon_core.shell:Creating package script '/home/svevqx/delta_bot/software/ros_ws_delta/src/install/rock_detector/share/rock_detector/package.ps1'
[145.870s] INFO:colcon.colcon_core.shell:Creating package descriptor '/home/svevqx/delta_bot/software/ros_ws_delta/src/install/rock_detector/share/rock_detector/package.dsv'
[145.871s] INFO:colcon.colcon_core.shell:Creating package script '/home/svevqx/delta_bot/software/ros_ws_delta/src/install/rock_detector/share/rock_detector/package.sh'
[145.873s] INFO:colcon.colcon_core.shell:Creating package script '/home/svevqx/delta_bot/software/ros_ws_delta/src/install/rock_detector/share/rock_detector/package.bash'
[145.874s] INFO:colcon.colcon_core.shell:Creating package script '/home/svevqx/delta_bot/software/ros_ws_delta/src/install/rock_detector/share/rock_detector/package.zsh'
[145.875s] Level 1:colcon.colcon_core.environment:create_file_with_runtime_dependencies(/home/svevqx/delta_bot/software/ros_ws_delta/src/install/rock_detector/share/colcon-core/packages/rock_detector)
[212.967s] DEBUG:colcon.colcon_core.event_handler.log_command:Invoked command in '/home/svevqx/delta_bot/software/ros_ws_delta/src/build/multiple_object_tracking_lidar' returned '0': CMAKE_PREFIX_PATH=${CMAKE_PREFIX_PATH}:/home/svevqx/delta_bot/software/ros_ws_delta/src/install/grbl_ros:/home/svevqx/delta_bot/software/ros_ws_delta/install/grbl_ros:/home/svevqx/delta_bot/software/ros_ws_delta/install/delta_ros:/home/svevqx/delta_bot/software/ros_ws_delta/install/cnc-interface:/home/svevqx/delta_bot/software/ros_ws_delta/install/arducam_rclpy_tof_pointcloud:/home/svevqx/ros2_ws/install/launch_testing_examples:/home/svevqx/ros2_ws/install/grbl_ros:/home/svevqx/ros2_ws/install/examples_rclpy_pointcloud_publisher:/home/svevqx/ros2_ws/install/examples_rclpy_minimal_subscriber:/home/svevqx/ros2_ws/install/examples_rclpy_minimal_service:/home/svevqx/ros2_ws/install/examples_rclpy_minimal_publisher:/home/svevqx/ros2_ws/install/examples_rclpy_minimal_client:/home/svevqx/ros2_ws/install/examples_rclpy_minimal_action_server:/home/svevqx/ros2_ws/install/examples_rclpy_minimal_action_client:/home/svevqx/ros2_ws/install/examples_rclpy_guard_conditions:/home/svevqx/ros2_ws/install/examples_rclpy_executors:/opt/ros/jazzy DEBUGINFOD_URLS=https://debuginfod.ubuntu.com /usr/bin/cmake --build /home/svevqx/delta_bot/software/ros_ws_delta/src/build/multiple_object_tracking_lidar -- -j4 -l4
[212.972s] DEBUG:colcon.colcon_core.event_handler.log_command:Invoking command in '/home/svevqx/delta_bot/software/ros_ws_delta/src/build/multiple_object_tracking_lidar': CMAKE_PREFIX_PATH=${CMAKE_PREFIX_PATH}:/home/svevqx/delta_bot/software/ros_ws_delta/src/install/grbl_ros:/home/svevqx/delta_bot/software/ros_ws_delta/install/grbl_ros:/home/svevqx/delta_bot/software/ros_ws_delta/install/delta_ros:/home/svevqx/delta_bot/software/ros_ws_delta/install/cnc-interface:/home/svevqx/delta_bot/software/ros_ws_delta/install/arducam_rclpy_tof_pointcloud:/home/svevqx/ros2_ws/install/launch_testing_examples:/home/svevqx/ros2_ws/install/grbl_ros:/home/svevqx/ros2_ws/install/examples_rclpy_pointcloud_publisher:/home/svevqx/ros2_ws/install/examples_rclpy_minimal_subscriber:/home/svevqx/ros2_ws/install/examples_rclpy_minimal_service:/home/svevqx/ros2_ws/install/examples_rclpy_minimal_publisher:/home/svevqx/ros2_ws/install/examples_rclpy_minimal_client:/home/svevqx/ros2_ws/install/examples_rclpy_minimal_action_server:/home/svevqx/ros2_ws/install/examples_rclpy_minimal_action_client:/home/svevqx/ros2_ws/install/examples_rclpy_guard_conditions:/home/svevqx/ros2_ws/install/examples_rclpy_executors:/opt/ros/jazzy DEBUGINFOD_URLS=https://debuginfod.ubuntu.com /usr/bin/cmake --install /home/svevqx/delta_bot/software/ros_ws_delta/src/build/multiple_object_tracking_lidar
[213.152s] Level 1:colcon.colcon_core.environment:create_environment_scripts_only(multiple_object_tracking_lidar)
[213.153s] Level 1:colcon.colcon_core.environment:checking '/home/svevqx/delta_bot/software/ros_ws_delta/src/install/multiple_object_tracking_lidar' for CMake module files
[213.155s] DEBUG:colcon.colcon_core.event_handler.log_command:Invoked command in '/home/svevqx/delta_bot/software/ros_ws_delta/src/build/multiple_object_tracking_lidar' returned '0': CMAKE_PREFIX_PATH=${CMAKE_PREFIX_PATH}:/home/svevqx/delta_bot/software/ros_ws_delta/src/install/grbl_ros:/home/svevqx/delta_bot/software/ros_ws_delta/install/grbl_ros:/home/svevqx/delta_bot/software/ros_ws_delta/install/delta_ros:/home/svevqx/delta_bot/software/ros_ws_delta/install/cnc-interface:/home/svevqx/delta_bot/software/ros_ws_delta/install/arducam_rclpy_tof_pointcloud:/home/svevqx/ros2_ws/install/launch_testing_examples:/home/svevqx/ros2_ws/install/grbl_ros:/home/svevqx/ros2_ws/install/examples_rclpy_pointcloud_publisher:/home/svevqx/ros2_ws/install/examples_rclpy_minimal_subscriber:/home/svevqx/ros2_ws/install/examples_rclpy_minimal_service:/home/svevqx/ros2_ws/install/examples_rclpy_minimal_publisher:/home/svevqx/ros2_ws/install/examples_rclpy_minimal_client:/home/svevqx/ros2_ws/install/examples_rclpy_minimal_action_server:/home/svevqx/ros2_ws/install/examples_rclpy_minimal_action_client:/home/svevqx/ros2_ws/install/examples_rclpy_guard_conditions:/home/svevqx/ros2_ws/install/examples_rclpy_executors:/opt/ros/jazzy DEBUGINFOD_URLS=https://debuginfod.ubuntu.com /usr/bin/cmake --install /home/svevqx/delta_bot/software/ros_ws_delta/src/build/multiple_object_tracking_lidar
[213.163s] Level 1:colcon.colcon_core.environment:checking '/home/svevqx/delta_bot/software/ros_ws_delta/src/install/multiple_object_tracking_lidar' for CMake config files
[213.164s] Level 1:colcon.colcon_core.shell:create_environment_hook('multiple_object_tracking_lidar', 'cmake_prefix_path')
[213.164s] INFO:colcon.colcon_core.shell:Creating environment hook '/home/svevqx/delta_bot/software/ros_ws_delta/src/install/multiple_object_tracking_lidar/share/multiple_object_tracking_lidar/hook/cmake_prefix_path.ps1'
[213.166s] INFO:colcon.colcon_core.shell:Creating environment descriptor '/home/svevqx/delta_bot/software/ros_ws_delta/src/install/multiple_object_tracking_lidar/share/multiple_object_tracking_lidar/hook/cmake_prefix_path.dsv'
[213.168s] INFO:colcon.colcon_core.shell:Creating environment hook '/home/svevqx/delta_bot/software/ros_ws_delta/src/install/multiple_object_tracking_lidar/share/multiple_object_tracking_lidar/hook/cmake_prefix_path.sh'
[213.171s] Level 1:colcon.colcon_core.environment:checking '/home/svevqx/delta_bot/software/ros_ws_delta/src/install/multiple_object_tracking_lidar/lib'
[213.178s] Level 1:colcon.colcon_core.shell:create_environment_hook('multiple_object_tracking_lidar', 'ld_library_path_lib')
[213.178s] INFO:colcon.colcon_core.shell:Creating environment hook '/home/svevqx/delta_bot/software/ros_ws_delta/src/install/multiple_object_tracking_lidar/share/multiple_object_tracking_lidar/hook/ld_library_path_lib.ps1'
[213.180s] INFO:colcon.colcon_core.shell:Creating environment descriptor '/home/svevqx/delta_bot/software/ros_ws_delta/src/install/multiple_object_tracking_lidar/share/multiple_object_tracking_lidar/hook/ld_library_path_lib.dsv'
[213.182s] INFO:colcon.colcon_core.shell:Creating environment hook '/home/svevqx/delta_bot/software/ros_ws_delta/src/install/multiple_object_tracking_lidar/share/multiple_object_tracking_lidar/hook/ld_library_path_lib.sh'
[213.183s] Level 1:colcon.colcon_core.environment:checking '/home/svevqx/delta_bot/software/ros_ws_delta/src/install/multiple_object_tracking_lidar/bin'
[213.184s] Level 1:colcon.colcon_core.environment:checking '/home/svevqx/delta_bot/software/ros_ws_delta/src/install/multiple_object_tracking_lidar/lib/pkgconfig/multiple_object_tracking_lidar.pc'
[213.185s] Level 1:colcon.colcon_core.environment:checking '/home/svevqx/delta_bot/software/ros_ws_delta/src/install/multiple_object_tracking_lidar/lib/python3.12/site-packages'
[213.193s] Level 1:colcon.colcon_core.environment:checking '/home/svevqx/delta_bot/software/ros_ws_delta/src/install/multiple_object_tracking_lidar/bin'
[213.195s] INFO:colcon.colcon_core.shell:Creating package script '/home/svevqx/delta_bot/software/ros_ws_delta/src/install/multiple_object_tracking_lidar/share/multiple_object_tracking_lidar/package.ps1'
[213.197s] INFO:colcon.colcon_core.shell:Creating package descriptor '/home/svevqx/delta_bot/software/ros_ws_delta/src/install/multiple_object_tracking_lidar/share/multiple_object_tracking_lidar/package.dsv'
[213.199s] INFO:colcon.colcon_core.shell:Creating package script '/home/svevqx/delta_bot/software/ros_ws_delta/src/install/multiple_object_tracking_lidar/share/multiple_object_tracking_lidar/package.sh'
[213.207s] INFO:colcon.colcon_core.shell:Creating package script '/home/svevqx/delta_bot/software/ros_ws_delta/src/install/multiple_object_tracking_lidar/share/multiple_object_tracking_lidar/package.bash'
[213.209s] INFO:colcon.colcon_core.shell:Creating package script '/home/svevqx/delta_bot/software/ros_ws_delta/src/install/multiple_object_tracking_lidar/share/multiple_object_tracking_lidar/package.zsh'
[213.210s] Level 1:colcon.colcon_core.environment:create_file_with_runtime_dependencies(/home/svevqx/delta_bot/software/ros_ws_delta/src/install/multiple_object_tracking_lidar/share/colcon-core/packages/multiple_object_tracking_lidar)
[213.212s] Level 1:colcon.colcon_core.environment:create_environment_scripts_only(multiple_object_tracking_lidar)
[213.213s] Level 1:colcon.colcon_core.environment:checking '/home/svevqx/delta_bot/software/ros_ws_delta/src/install/multiple_object_tracking_lidar' for CMake module files
[213.215s] Level 1:colcon.colcon_core.environment:checking '/home/svevqx/delta_bot/software/ros_ws_delta/src/install/multiple_object_tracking_lidar' for CMake config files
[213.215s] Level 1:colcon.colcon_core.shell:create_environment_hook('multiple_object_tracking_lidar', 'cmake_prefix_path')
[213.222s] INFO:colcon.colcon_core.shell:Creating environment hook '/home/svevqx/delta_bot/software/ros_ws_delta/src/install/multiple_object_tracking_lidar/share/multiple_object_tracking_lidar/hook/cmake_prefix_path.ps1'
[213.224s] INFO:colcon.colcon_core.shell:Creating environment descriptor '/home/svevqx/delta_bot/software/ros_ws_delta/src/install/multiple_object_tracking_lidar/share/multiple_object_tracking_lidar/hook/cmake_prefix_path.dsv'
[213.225s] INFO:colcon.colcon_core.shell:Creating environment hook '/home/svevqx/delta_bot/software/ros_ws_delta/src/install/multiple_object_tracking_lidar/share/multiple_object_tracking_lidar/hook/cmake_prefix_path.sh'
[213.227s] Level 1:colcon.colcon_core.environment:checking '/home/svevqx/delta_bot/software/ros_ws_delta/src/install/multiple_object_tracking_lidar/lib'
[213.227s] Level 1:colcon.colcon_core.shell:create_environment_hook('multiple_object_tracking_lidar', 'ld_library_path_lib')
[213.227s] INFO:colcon.colcon_core.shell:Creating environment hook '/home/svevqx/delta_bot/software/ros_ws_delta/src/install/multiple_object_tracking_lidar/share/multiple_object_tracking_lidar/hook/ld_library_path_lib.ps1'
[213.228s] INFO:colcon.colcon_core.shell:Creating environment descriptor '/home/svevqx/delta_bot/software/ros_ws_delta/src/install/multiple_object_tracking_lidar/share/multiple_object_tracking_lidar/hook/ld_library_path_lib.dsv'
[213.229s] INFO:colcon.colcon_core.shell:Creating environment hook '/home/svevqx/delta_bot/software/ros_ws_delta/src/install/multiple_object_tracking_lidar/share/multiple_object_tracking_lidar/hook/ld_library_path_lib.sh'
[213.231s] Level 1:colcon.colcon_core.environment:checking '/home/svevqx/delta_bot/software/ros_ws_delta/src/install/multiple_object_tracking_lidar/bin'
[213.237s] Level 1:colcon.colcon_core.environment:checking '/home/svevqx/delta_bot/software/ros_ws_delta/src/install/multiple_object_tracking_lidar/lib/pkgconfig/multiple_object_tracking_lidar.pc'
[213.238s] Level 1:colcon.colcon_core.environment:checking '/home/svevqx/delta_bot/software/ros_ws_delta/src/install/multiple_object_tracking_lidar/lib/python3.12/site-packages'
[213.239s] Level 1:colcon.colcon_core.environment:checking '/home/svevqx/delta_bot/software/ros_ws_delta/src/install/multiple_object_tracking_lidar/bin'
[213.240s] INFO:colcon.colcon_core.shell:Creating package script '/home/svevqx/delta_bot/software/ros_ws_delta/src/install/multiple_object_tracking_lidar/share/multiple_object_tracking_lidar/package.ps1'
[213.242s] INFO:colcon.colcon_core.shell:Creating package descriptor '/home/svevqx/delta_bot/software/ros_ws_delta/src/install/multiple_object_tracking_lidar/share/multiple_object_tracking_lidar/package.dsv'
[213.243s] INFO:colcon.colcon_core.shell:Creating package script '/home/svevqx/delta_bot/software/ros_ws_delta/src/install/multiple_object_tracking_lidar/share/multiple_object_tracking_lidar/package.sh'
[213.245s] INFO:colcon.colcon_core.shell:Creating package script '/home/svevqx/delta_bot/software/ros_ws_delta/src/install/multiple_object_tracking_lidar/share/multiple_object_tracking_lidar/package.bash'
[213.252s] INFO:colcon.colcon_core.shell:Creating package script '/home/svevqx/delta_bot/software/ros_ws_delta/src/install/multiple_object_tracking_lidar/share/multiple_object_tracking_lidar/package.zsh'
[213.254s] Level 1:colcon.colcon_core.environment:create_file_with_runtime_dependencies(/home/svevqx/delta_bot/software/ros_ws_delta/src/install/multiple_object_tracking_lidar/share/colcon-core/packages/multiple_object_tracking_lidar)
[250.769s] DEBUG:colcon.colcon_core.event_handler.log_command:Invoked command in '/home/svevqx/delta_bot/software/ros_ws_delta/src/build/remote_serial' returned '0': CMAKE_PREFIX_PATH=${CMAKE_PREFIX_PATH}:/home/svevqx/delta_bot/software/ros_ws_delta/src/install/grbl_ros:/home/svevqx/delta_bot/software/ros_ws_delta/install/grbl_ros:/home/svevqx/delta_bot/software/ros_ws_delta/install/delta_ros:/home/svevqx/delta_bot/software/ros_ws_delta/install/cnc-interface:/home/svevqx/delta_bot/software/ros_ws_delta/install/arducam_rclpy_tof_pointcloud:/home/svevqx/ros2_ws/install/launch_testing_examples:/home/svevqx/ros2_ws/install/grbl_ros:/home/svevqx/ros2_ws/install/examples_rclpy_pointcloud_publisher:/home/svevqx/ros2_ws/install/examples_rclpy_minimal_subscriber:/home/svevqx/ros2_ws/install/examples_rclpy_minimal_service:/home/svevqx/ros2_ws/install/examples_rclpy_minimal_publisher:/home/svevqx/ros2_ws/install/examples_rclpy_minimal_client:/home/svevqx/ros2_ws/install/examples_rclpy_minimal_action_server:/home/svevqx/ros2_ws/install/examples_rclpy_minimal_action_client:/home/svevqx/ros2_ws/install/examples_rclpy_guard_conditions:/home/svevqx/ros2_ws/install/examples_rclpy_executors:/opt/ros/jazzy DEBUGINFOD_URLS=https://debuginfod.ubuntu.com /usr/bin/cmake --build /home/svevqx/delta_bot/software/ros_ws_delta/src/build/remote_serial -- -j4 -l4
[250.778s] DEBUG:colcon.colcon_core.event_handler.log_command:Invoking command in '/home/svevqx/delta_bot/software/ros_ws_delta/src/build/remote_serial': CMAKE_PREFIX_PATH=${CMAKE_PREFIX_PATH}:/home/svevqx/delta_bot/software/ros_ws_delta/src/install/grbl_ros:/home/svevqx/delta_bot/software/ros_ws_delta/install/grbl_ros:/home/svevqx/delta_bot/software/ros_ws_delta/install/delta_ros:/home/svevqx/delta_bot/software/ros_ws_delta/install/cnc-interface:/home/svevqx/delta_bot/software/ros_ws_delta/install/arducam_rclpy_tof_pointcloud:/home/svevqx/ros2_ws/install/launch_testing_examples:/home/svevqx/ros2_ws/install/grbl_ros:/home/svevqx/ros2_ws/install/examples_rclpy_pointcloud_publisher:/home/svevqx/ros2_ws/install/examples_rclpy_minimal_subscriber:/home/svevqx/ros2_ws/install/examples_rclpy_minimal_service:/home/svevqx/ros2_ws/install/examples_rclpy_minimal_publisher:/home/svevqx/ros2_ws/install/examples_rclpy_minimal_client:/home/svevqx/ros2_ws/install/examples_rclpy_minimal_action_server:/home/svevqx/ros2_ws/install/examples_rclpy_minimal_action_client:/home/svevqx/ros2_ws/install/examples_rclpy_guard_conditions:/home/svevqx/ros2_ws/install/examples_rclpy_executors:/opt/ros/jazzy DEBUGINFOD_URLS=https://debuginfod.ubuntu.com /usr/bin/cmake --install /home/svevqx/delta_bot/software/ros_ws_delta/src/build/remote_serial
[250.966s] Level 1:colcon.colcon_core.environment:create_environment_scripts_only(remote_serial)
[250.967s] Level 1:colcon.colcon_core.environment:checking '/home/svevqx/delta_bot/software/ros_ws_delta/src/install/remote_serial' for CMake module files
[250.968s] DEBUG:colcon.colcon_core.event_handler.log_command:Invoked command in '/home/svevqx/delta_bot/software/ros_ws_delta/src/build/remote_serial' returned '0': CMAKE_PREFIX_PATH=${CMAKE_PREFIX_PATH}:/home/svevqx/delta_bot/software/ros_ws_delta/src/install/grbl_ros:/home/svevqx/delta_bot/software/ros_ws_delta/install/grbl_ros:/home/svevqx/delta_bot/software/ros_ws_delta/install/delta_ros:/home/svevqx/delta_bot/software/ros_ws_delta/install/cnc-interface:/home/svevqx/delta_bot/software/ros_ws_delta/install/arducam_rclpy_tof_pointcloud:/home/svevqx/ros2_ws/install/launch_testing_examples:/home/svevqx/ros2_ws/install/grbl_ros:/home/svevqx/ros2_ws/install/examples_rclpy_pointcloud_publisher:/home/svevqx/ros2_ws/install/examples_rclpy_minimal_subscriber:/home/svevqx/ros2_ws/install/examples_rclpy_minimal_service:/home/svevqx/ros2_ws/install/examples_rclpy_minimal_publisher:/home/svevqx/ros2_ws/install/examples_rclpy_minimal_client:/home/svevqx/ros2_ws/install/examples_rclpy_minimal_action_server:/home/svevqx/ros2_ws/install/examples_rclpy_minimal_action_client:/home/svevqx/ros2_ws/install/examples_rclpy_guard_conditions:/home/svevqx/ros2_ws/install/examples_rclpy_executors:/opt/ros/jazzy DEBUGINFOD_URLS=https://debuginfod.ubuntu.com /usr/bin/cmake --install /home/svevqx/delta_bot/software/ros_ws_delta/src/build/remote_serial
[250.969s] Level 1:colcon.colcon_core.environment:checking '/home/svevqx/delta_bot/software/ros_ws_delta/src/install/remote_serial' for CMake config files
[250.971s] Level 1:colcon.colcon_core.shell:create_environment_hook('remote_serial', 'cmake_prefix_path')
[250.972s] INFO:colcon.colcon_core.shell:Creating environment hook '/home/svevqx/delta_bot/software/ros_ws_delta/src/install/remote_serial/share/remote_serial/hook/cmake_prefix_path.ps1'
[250.974s] INFO:colcon.colcon_core.shell:Creating environment descriptor '/home/svevqx/delta_bot/software/ros_ws_delta/src/install/remote_serial/share/remote_serial/hook/cmake_prefix_path.dsv'
[250.975s] INFO:colcon.colcon_core.shell:Creating environment hook '/home/svevqx/delta_bot/software/ros_ws_delta/src/install/remote_serial/share/remote_serial/hook/cmake_prefix_path.sh'
[250.977s] Level 1:colcon.colcon_core.environment:checking '/home/svevqx/delta_bot/software/ros_ws_delta/src/install/remote_serial/lib'
[250.977s] Level 1:colcon.colcon_core.environment:checking '/home/svevqx/delta_bot/software/ros_ws_delta/src/install/remote_serial/bin'
[250.978s] Level 1:colcon.colcon_core.environment:checking '/home/svevqx/delta_bot/software/ros_ws_delta/src/install/remote_serial/lib/pkgconfig/remote_serial.pc'
[250.986s] Level 1:colcon.colcon_core.environment:checking '/home/svevqx/delta_bot/software/ros_ws_delta/src/install/remote_serial/lib/python3.12/site-packages'
[250.987s] Level 1:colcon.colcon_core.environment:checking '/home/svevqx/delta_bot/software/ros_ws_delta/src/install/remote_serial/bin'
[250.989s] INFO:colcon.colcon_core.shell:Creating package script '/home/svevqx/delta_bot/software/ros_ws_delta/src/install/remote_serial/share/remote_serial/package.ps1'
[250.990s] INFO:colcon.colcon_core.shell:Creating package descriptor '/home/svevqx/delta_bot/software/ros_ws_delta/src/install/remote_serial/share/remote_serial/package.dsv'
[250.992s] INFO:colcon.colcon_core.shell:Creating package script '/home/svevqx/delta_bot/software/ros_ws_delta/src/install/remote_serial/share/remote_serial/package.sh'
[250.993s] INFO:colcon.colcon_core.shell:Creating package script '/home/svevqx/delta_bot/software/ros_ws_delta/src/install/remote_serial/share/remote_serial/package.bash'
[250.995s] INFO:colcon.colcon_core.shell:Creating package script '/home/svevqx/delta_bot/software/ros_ws_delta/src/install/remote_serial/share/remote_serial/package.zsh'
[250.996s] Level 1:colcon.colcon_core.environment:create_file_with_runtime_dependencies(/home/svevqx/delta_bot/software/ros_ws_delta/src/install/remote_serial/share/colcon-core/packages/remote_serial)
[250.998s] Level 1:colcon.colcon_core.environment:create_environment_scripts_only(remote_serial)
[250.999s] Level 1:colcon.colcon_core.environment:checking '/home/svevqx/delta_bot/software/ros_ws_delta/src/install/remote_serial' for CMake module files
[251.001s] Level 1:colcon.colcon_core.environment:checking '/home/svevqx/delta_bot/software/ros_ws_delta/src/install/remote_serial' for CMake config files
[251.009s] Level 1:colcon.colcon_core.shell:create_environment_hook('remote_serial', 'cmake_prefix_path')
[251.009s] INFO:colcon.colcon_core.shell:Creating environment hook '/home/svevqx/delta_bot/software/ros_ws_delta/src/install/remote_serial/share/remote_serial/hook/cmake_prefix_path.ps1'
[251.011s] INFO:colcon.colcon_core.shell:Creating environment descriptor '/home/svevqx/delta_bot/software/ros_ws_delta/src/install/remote_serial/share/remote_serial/hook/cmake_prefix_path.dsv'
[251.012s] INFO:colcon.colcon_core.shell:Creating environment hook '/home/svevqx/delta_bot/software/ros_ws_delta/src/install/remote_serial/share/remote_serial/hook/cmake_prefix_path.sh'
[251.015s] Level 1:colcon.colcon_core.environment:checking '/home/svevqx/delta_bot/software/ros_ws_delta/src/install/remote_serial/lib'
[251.015s] Level 1:colcon.colcon_core.environment:checking '/home/svevqx/delta_bot/software/ros_ws_delta/src/install/remote_serial/bin'
[251.015s] Level 1:colcon.colcon_core.environment:checking '/home/svevqx/delta_bot/software/ros_ws_delta/src/install/remote_serial/lib/pkgconfig/remote_serial.pc'
[251.016s] Level 1:colcon.colcon_core.environment:checking '/home/svevqx/delta_bot/software/ros_ws_delta/src/install/remote_serial/lib/python3.12/site-packages'
[251.017s] Level 1:colcon.colcon_core.environment:checking '/home/svevqx/delta_bot/software/ros_ws_delta/src/install/remote_serial/bin'
[251.018s] INFO:colcon.colcon_core.shell:Creating package script '/home/svevqx/delta_bot/software/ros_ws_delta/src/install/remote_serial/share/remote_serial/package.ps1'
[251.019s] INFO:colcon.colcon_core.shell:Creating package descriptor '/home/svevqx/delta_bot/software/ros_ws_delta/src/install/remote_serial/share/remote_serial/package.dsv'
[251.021s] INFO:colcon.colcon_core.shell:Creating package script '/home/svevqx/delta_bot/software/ros_ws_delta/src/install/remote_serial/share/remote_serial/package.sh'
[251.022s] INFO:colcon.colcon_core.shell:Creating package script '/home/svevqx/delta_bot/software/ros_ws_delta/src/install/remote_serial/share/remote_serial/package.bash'
[251.023s] INFO:colcon.colcon_core.shell:Creating package script '/home/svevqx/delta_bot/software/ros_ws_delta/src/install/remote_serial/share/remote_serial/package.zsh'
[251.024s] Level 1:colcon.colcon_core.environment:create_file_with_runtime_dependencies(/home/svevqx/delta_bot/software/ros_ws_delta/src/install/remote_serial/share/colcon-core/packages/remote_serial)
[251.025s] DEBUG:colcon.colcon_parallel_executor.executor.parallel:closing loop
[251.033s] DEBUG:colcon.colcon_parallel_executor.executor.parallel:loop closed
[251.033s] DEBUG:colcon.colcon_parallel_executor.executor.parallel:run_until_complete finished with '0'
[251.034s] DEBUG:colcon.colcon_core.event_reactor:joining thread
[251.058s] INFO:colcon.colcon_core.plugin_system:Skipping extension 'colcon_notification.desktop_notification.terminal_notifier': Not used on non-Darwin systems
[251.058s] INFO:colcon.colcon_core.plugin_system:Skipping extension 'colcon_notification.desktop_notification.win32': Not used on non-Windows systems
[251.058s] INFO:colcon.colcon_notification.desktop_notification:Sending desktop notification using 'notify2'
[251.106s] DEBUG:colcon.colcon_core.event_reactor:joined thread
[251.107s] INFO:colcon.colcon_core.shell:Creating prefix script '/home/svevqx/delta_bot/software/ros_ws_delta/src/install/local_setup.ps1'
[251.108s] INFO:colcon.colcon_core.shell:Creating prefix util module '/home/svevqx/delta_bot/software/ros_ws_delta/src/install/_local_setup_util_ps1.py'
[251.110s] INFO:colcon.colcon_core.shell:Creating prefix chain script '/home/svevqx/delta_bot/software/ros_ws_delta/src/install/setup.ps1'
[251.116s] INFO:colcon.colcon_core.shell:Creating prefix script '/home/svevqx/delta_bot/software/ros_ws_delta/src/install/local_setup.sh'
[251.117s] INFO:colcon.colcon_core.shell:Creating prefix util module '/home/svevqx/delta_bot/software/ros_ws_delta/src/install/_local_setup_util_sh.py'
[251.118s] INFO:colcon.colcon_core.shell:Creating prefix chain script '/home/svevqx/delta_bot/software/ros_ws_delta/src/install/setup.sh'
[251.130s] INFO:colcon.colcon_core.shell:Creating prefix script '/home/svevqx/delta_bot/software/ros_ws_delta/src/install/local_setup.bash'
[251.132s] INFO:colcon.colcon_core.shell:Creating prefix chain script '/home/svevqx/delta_bot/software/ros_ws_delta/src/install/setup.bash'
[251.138s] INFO:colcon.colcon_core.shell:Creating prefix script '/home/svevqx/delta_bot/software/ros_ws_delta/src/install/local_setup.zsh'
[251.139s] INFO:colcon.colcon_core.shell:Creating prefix chain script '/home/svevqx/delta_bot/software/ros_ws_delta/src/install/setup.zsh'
